record_uid,record_id,source_split,parquet_file,shard_row_index,audio_path,audio_available,duration_seconds,source_label,speaker_id,recording_group_id,group_id,group_source,group_confidence,text_bahnar,text_vi,text_en,pair_key,split,label_type,processed_duration_seconds
c860205cb15c227bf84b6502306bb31921bf6a74,-bSm9QuB0DI_22,train,https://huggingface.co/datasets/cuong06/Bahnar_Vietnamese/resolve/refs%2Fconvert%2Fparquet/default/train/0049.parquet,1832,-bSm9QuB0DI_22.flac,True,18.940000534057617,yt_17,yt_17,-bsm9qub0di,recording:-bsm9qub0di,record_id_prefix,medium,ônh năm bok a treo dăng để truh mình hectang ka teh bơ̆jăng lư̆m kiao nih kơ bok paka yên anh lư̆m ka trong bơ̆n anh để jêl măng số jên được găng từ gươm mình ka ônh năm bok dăng để truh mình răng tăng lak gêm số jên au măn nhang ga lơ chăm ka trường kia kơ bok a treo trông đang ai tam đây chả teh và kơ bơ̆jăng bơ̆jêng năng bay tanap ta,"Trong đó tập trung chủ yếu tại phường Thắng Lợi với 58 hộ, phường Trường Chinh 14 hộ, còn lại một vài hộ ở các xã, phường khác.","In which it is concentrated mainly in Thang Loi ward with 58 households, Truong Chinh ward with 14 households, and the rest are a few households in other communes and wards.",9cee3072a3a41fb451a6b3023b568767c4d05e16,train,pseudo_label,18.944
9ef92024217fc462f37f6688729ed81fd2bcf662,-DF7qHwzmlw_2,train,https://huggingface.co/datasets/cuong06/Bahnar_Vietnamese/resolve/refs%2Fconvert%2Fparquet/default/train/0011.parquet,1875,-DF7qHwzmlw_2.flac,True,20.61000061035156,yt_55,yt_55,-df7qhwzmlw,recording:-df7qhwzmlw,record_id_prefix,medium,lơ thôn plê bơ̆t trêng ada salam đi adrich kon kông bơ̆t nhchar điện biên tơdrong băt hluh uy pơnŏ rơdu tơdrong troi thương gah jơhngơm bran đi wê wêr gô tơgo păng băt hluh kit găl đơ̆ng wê hlăng jơhngơm bran trơnêh wă tŏk jung jehnei tơdrong troi thương jehnei khŭl để ani chang pơgăng hlăng kit,"Ở nhiều thôn, bản vùng cao, khu vực biên giới, nơi có đồng bào dân tộc thiểu số sinh sống ở tỉnh Điện Biên, trình độ nhận thức của người dân còn hạn chế, nên khi các hoạt động truyền thông về sức khỏe sinh sản được duy trì thực hiện, sẽ góp phần nâng cao kiến thức cho phụ nữ về tầm quan trọng của việc chăm sóc sức khỏe sinh sản. Để nâng cao hiệu quả công tác truyền thông, chất lượng đội ngũ cũng được Ngành Y tế coi trọng.","In many highland villages, hamlets, and border areas where ethnic minorities live in Dien Bien province, the level of awareness of the people is still limited, so when communication activities about reproductive health are maintained, it will contribute to improving knowledge for women about the importance of reproductive health care. To improve the effectiveness of communication work, the quality of the staff is also valued by the Health sector.",d3bf7c67b187c5d16257bcf085d49b47e7b27bfb,train,pseudo_label,20.608
55328f2c492a5464bf20860ab483d9250b4ff6d3,-dUG4xbntmA_24,train,https://huggingface.co/datasets/cuong06/Bahnar_Vietnamese/resolve/refs%2Fconvert%2Fparquet/default/train/0046.parquet,748,-dUG4xbntmA_24.flac,True,9.220000267028809,yt_49,yt_49,-dug4xbntma,recording:-dug4xbntma,record_id_prefix,medium,ôm 'bar pă jơ̆ng adrol lin tơ hmam pơdŏng lôch đêh hmêt pơ'lơ̆ng tơdrong jang thoi kơ hăt hot lơ̆m kơ măng hơlơ̆p kơ sơđơ̆ng kơ bri jŭm dăr,Các phương án cấp cứu đã được chuẩn bị sẵn sàng. Công việc cứ thế nối tiếp trong đêm. Trái ngược lại với sự tĩnh lặng của cả khu rừng xung quanh.,Emergency plans have been prepared. The work continues through the night. In contrast to the silence of the entire surrounding forest.,9feebc10a27710eea4151f3e5ab7b72542d3471b,train,pseudo_label,9.216
d46d70f5d7d182ace87fc572ae19f5679ebd7c3a,-gsmy1n5axc_2,train,https://huggingface.co/datasets/cuong06/Bahnar_Vietnamese/resolve/refs%2Fconvert%2Fparquet/default/train/0011.parquet,1908,-gsmy1n5axc_2.flac,True,12.829999923706056,yt_55,yt_55,-gsmy1n5axc,recording:-gsmy1n5axc,record_id_prefix,medium,kichât hnam ruông wăi yui yok lâm play bơ̆t hop kăm roi tơ buôh kah trong kơlong nghi quyết đường đăng lây hop kăm bơ̆t hnam ruông autolki tam đi hnam ruông lây hnam nâu nó hnam play pla hu pkăm lâm play,"Mục đích của nhà Roong là phục vụ trong làng và sử dụng để họp hành, khi làng có hội và đây cũng là nơi để thông báo về chủ trương, đường lối, Nghị quyết của Đảng. Trước đây, chưa có nhà Roong thì ngôi nhà này là nhà cộng đồng để họp dân trong làng.","The purpose of the Roong house is to serve the village and be used for meetings, when the village has festivals, and this is also the place to announce the guidelines, policies, and Resolutions of the Party. Previously, when there was no Roong house, this house was the community house for village meetings.",5c988c56418d2571dede80cf59ffaf5405238477,train,pseudo_label,12.832
00a61022a974304413c1bde5c502df841d3555a9,-I4IZt7Tw6Q_1,train,https://huggingface.co/datasets/cuong06/Bahnar_Vietnamese/resolve/refs%2Fconvert%2Fparquet/default/train/0011.parquet,1880,-I4IZt7Tw6Q_1.flac,True,15.359999656677246,yt_55,yt_55,-i4izt7tw6q,recording:-i4izt7tw6q,record_id_prefix,medium,nghĩ kuyên kơ jơ̆t akăm atŏk kiak kơ choh jang tơmam trăm ju yŏk khoa hao kông nghệ tŏk người kơ ja tơ tun pơjing păng atŏk dơn anih văn hoa sao hôi tŏk yung chơna anih pơngay choh jang bây bêr atŏ nhưng sao hôi kiak kơ tơ jur dơnuh al kơ jap,"Nghị quyết xác định: Tập trung phát triển nông nghiệp hàng hóa, ứng dụng khoa học công nghệ, nâng cao giá trị gia tăng. Đẩy mạnh xây dựng nông thôn mới, phát triển hạ tầng, mở rộng dịch vụ, văn hóa, xã hội. Nâng cao đời sống của nông dân, bảo đảm công bằng xã hội, giảm nghèo bền vững.","The Resolution determines: Focus on developing commodity agriculture, applying science and technology, and increasing added value. Promote the construction of new rural areas, develop infrastructure, and expand services, culture, and society. Improve the lives of farmers, ensure social equity, and reduce poverty sustainably.",957a3dc4275483435d3f1435db93d526d829e09b,train,pseudo_label,15.36
473b9ade4e9ec80f6099490aa6f43410e0f2074d,-Om35O2rapc_10,train,https://huggingface.co/datasets/cuong06/Bahnar_Vietnamese/resolve/refs%2Fconvert%2Fparquet/default/train/0011.parquet,1897,-Om35O2rapc_10.flac,True,24.510000228881836,yt_55,yt_55,-om35o2rapc,recording:-om35o2rapc,record_id_prefix,medium,hloi đây pơmâu đồng trung hơt thao tơ hnap ưh kơ bô ôh mbu athây hơngơi tăng ê pơtră-đa ưh mă tơ trŏng nâu đương nhŏng nhŏng athây inh rŏng inh ưh kơ rŏng hư thi ôh nâu tơ pă ưh kơ inh nhŏng pơngai pơcheh đon 'nau păng inh pơrăm tăng ê ưh pơm kư hơlê tơ pă ntôm yơi chơi nâng inh pơm chăng apơi pơm pơdrŏng,"Anh đã bảo nuôi nấm đông trùng hạ thảo khó lắm, không dễ đâu. Ai bảo em chủ quan. Giờ sáng mắt chưa? Đây là lời của anh. Anh bảo em nuôi nấm đông trùng hạ thảo, không tự dưng em nuôi mấy loại nấm đó. Không chơi kiểu đó lối thế đâu. Anh là người đưa ra ý kiến, còn em là người thực hiện. Bây giờ không làm được, em đổ lỗi cho anh hả? Bao nhiêu tiền của em đổ vào đây, ước mơ làm giàu của em, lấy tiền cưới vợ, bây giờ em không còn gì nữa.","I told you that raising cordyceps mushrooms is very difficult, it's not easy. Who told you to be subjective. Are your eyes open now? This is my word. I told you to raise cordyceps mushrooms, I didn't just raise those types of mushrooms for no reason. Don't play that kind of game. I am the one who gives the opinion, and you are the one who executes. Now that you can't do it, are you blaming me? How much of my money poured into this, my dream of getting rich, taking money to marry a wife, now I have nothing left.",227c690b39fea9c3fe2f97929e2d1f90ac7fd574,train,pseudo_label,24.512
c15d98cee5a3e598e132d290388860acf5190588,-qXmCqz-rPw_17,train,https://huggingface.co/datasets/cuong06/Bahnar_Vietnamese/resolve/refs%2Fconvert%2Fparquet/default/train/0011.parquet,1968,-qXmCqz-rPw_17.flac,True,22.979999542236328,yt_55,yt_55,-qxmcqz-rpw,recording:-qxmcqz-rpw,record_id_prefix,medium,kiơ̆ kơ jơ̆t đơ̆ng pơgơr tơ ring păng khul vei lăng kơ jơ̆ bơ̆t kơ jơ̆ phiên bao lak đây lót kơ phiên jơ̆ nay kiơ̆ tơ drong tĕch tơ mam trăm kơ jơ̆ tay tơ âu đây tơ pli sô tăl tih păng tơ mam trăm đơ̆ng bơhngay tĕch mơ tro hơbo păng sum kro păng rim tơ mam trăm kơ pô rơm ho nhŭng,"Theo đánh giá của lãnh đạo địa phương và Ban quản lý chợ, sức mua bán của phiên chợ Bảo Lạc gấp đôi với các phiên chợ khác. Đây là nơi trung chuyển số lượng lớn các mặt hàng của các lái buôn, như: ngô, bún khô, hà thủ ô, trâu, bò, lợn.","According to the assessment of local leaders and the Market Management Board, the purchasing power of the Bao Lac market session is double that of other market sessions. This is a transit point for a large quantity of goods for merchants, such as: corn, dried vermicelli, fleeceflower root, buffaloes, cows, and pigs.",74440c1361a042c41ca682f48ebe27b46457649c,train,pseudo_label,22.976
83ffe7d5e5178d34c7e5a47a1d1de73f01f4ebe7,01hd5w0P5j8_19,train,https://huggingface.co/datasets/cuong06/Bahnar_Vietnamese/resolve/refs%2Fconvert%2Fparquet/default/train/0034.parquet,410,01hd5w0P5j8_19.flac,True,12.989999771118164,yt_53,yt_53,01hd5w0p5j8,recording:01hd5w0p5j8,record_id_prefix,medium,rim kơ chuyên gia không lươi để rơi ăn bắt chương nhật aris rim kơ bơng ngài e thơ hơt thoi mã không lươi để bơm bơm răm trung ga kơ so lươi đường bar chiết trung đăm chiết hơi thoi bơ̆r ô lươi để bơm bơm răm trung đường hợt là,"Các chuyên gia cho biết, nếu sống cùng một người hút thuốc lá thường xuyên sẽ tăng nguy cơ ung thư phổi từ 20%-30%. Hút thuốc lá thụ động tác hại tương đương như hút thuốc lá chủ động.",Experts say that living with a regular smoker increases the risk of lung cancer by 20%-30%. Passive smoking has harmful effects equivalent to active smoking.,7283ce10eaf855467b1355b42e7984720656638d,train,pseudo_label,12.992
22ac8495ee2d4e5806e0f3d4c520fa044be699d6,03D9bqP7gf0_0,train,https://huggingface.co/datasets/cuong06/Bahnar_Vietnamese/resolve/refs%2Fconvert%2Fparquet/default/train/0024.parquet,1410,03D9bqP7gf0_0.flac,True,11.520000457763672,yt_55,yt_55,03d9bqp7gf0,recording:03d9bqp7gf0,record_id_prefix,medium,lơ̆m tơ trong roi jai lai sơ̆ păng tăng i khŭl pơm phim nhôn truh tơ̆ trong băt chi đăm wih tơ̆ tơ rêng tŏ păng ăng krŏng pa wă pơnhiên lăng rim tơ plêh nau đơ̆ng nara đi tơ nâu mong đap yang lah,"Trong hành trình thực hiện seri ký sự Gia Lai xưa và nay, đoàn làm phim chúng tôi tiếp tục xuôi Quốc lộ 25 về với vùng “chảo lúa” Krông Pa để tìm hiểu việc hồi sinh vùng đất khát từ khi có công trình Thủy lợi Ia Mlah.","In the journey of making the series of reports ""Gia Lai past and present"", our film crew continues to go down National Highway 25 to the ""rice bowl"" region of Krong Pa to learn about the revival of the thirsty land since the Ia Mlah Irrigation project existed.",a8bc970d6fc80f7d12e6eacb9131c5c193136cf5,train,pseudo_label,11.52
817aa0394ce70be16b152314e2dbb4df6d0b413d,"06_-_[TIẾNG_BA_NA]_ĐOÀN_KẾT_NHÂN_DÂN,_XÂY_DỰNG_NẾP_SỐNG_Ở_THÔN_KLOT-POK_｜_VTV5_8",train,https://huggingface.co/datasets/cuong06/Bahnar_Vietnamese/resolve/refs%2Fconvert%2Fparquet/default/train/0011.parquet,429,"06_-_[TIẾNG_BA_NA]_ĐOÀN_KẾT_NHÂN_DÂN,_XÂY_DỰNG_NẾP_SỐNG_Ở_THÔN_KLOT-POK_｜_VTV5_8.flac",True,22.59000015258789,yt_53,yt_53,"06_-_[tiếng_ba_na]_đoàn_kết_nhân_dân,_xây_dựng_nếp_sống_ở_thôn_klot-pok_｜_vtv5","recording:06_-_[tiếng_ba_na]_đoàn_kết_nhân_dân,_xây_dựng_nếp_sống_ở_thôn_klot-pok_｜_vtv5",record_id_prefix,medium,sơ đừng lót bơ tên gơ sơ năm pơm chang rim năr rim chân nay đây choa yŏc lươm trong pơm chang hơi toy pơ ching pơli pơla nao đây pơm chang bơ̆rê thun tập lít sơ lít nao bang pơm hnam tih cánh chắp lưng đây dur var patam pơ cao long chớt trong bê tong pơm sát uynh sơ trích thực răng hơn tát hnam cham pơm lê đây rơgó lưng meh pơm ma nó keh chơt hiếc,"Những thành quả từ việc chung sức xây dựng nông thôn mới đã làm cho bộ mặt của thôn khang trang với nhà cửa kiên cố, tường rào cổng ngõ đều trồng hoa, cây xanh; đường bê tông mở rộng, diện thắp sáng, môi trường sống sạch sẽ phải nói là rất đáng mừng.","The results from joining forces to build new rural areas have made the face of the village spacious with solid houses, fences and gates all planted with flowers and green trees; concrete roads expanded, lighting areas, clean living environment must be said to be very encouraging.",70fb52e6bc88db67f2ea48514720136f5b2d0997,train,pseudo_label,22.592
38517a55f31e75a3be9adb6fe93dcc79339445f1,06tiu6AKtWg_3,train,https://huggingface.co/datasets/cuong06/Bahnar_Vietnamese/resolve/refs%2Fconvert%2Fparquet/default/train/0011.parquet,2008,06tiu6AKtWg_3.flac,True,6.210000038146973,yt_55,yt_55,06tiu6aktwg,recording:06tiu6aktwg,record_id_prefix,medium,lươm đang trô lui đê tăng băt yit apô bơngai ji tơpŏk miêng măng lươm tăm pơgăng lui ưh kơ nghê apinh tŏk kơ băl,Hôm nay đã có khoảng 20.000 bệnh nhân đang điều trị tại Bệnh viện K không phải xin giấy chuyển tuyến.,"Today, there are about 20,000 patients currently being treated at K Hospital who do not have to ask for a referral paper.",c522cb14d7a9cd93c97f6d6d0f5687badb3de12e,train,pseudo_label,6.208
16a8bb6b902b425d46ed22310b037d57551dd82e,0mdripJ5dXc_0,train,https://huggingface.co/datasets/cuong06/Bahnar_Vietnamese/resolve/refs%2Fconvert%2Fparquet/default/train/0024.parquet,1666,0mdripJ5dXc_0.flac,True,27.229999542236328,yt_53,yt_53,0mdripj5dxc,recording:0mdripj5dxc,record_id_prefix,medium,ơ kon pơli păng đơ̆ng bôl ơ tŏk kơ jung lươm pơm jang khul bơđôi kon pơli hơdoi păng pơm jang rơi tơ buh pơ tho nơ̆r pơ kắp krao hơwân kon pơli chư jom nơ̆r pơ kắp bơđơi tơdring khul bơđôi vê lăng adra sơlam chơi jơlai lui đi tơ bŏk akŏm păng tơ guăt yua kướp uy chinh kuyên tơdring rơi tơ buh păng krao hơwân lươm pơli hơdoi pơm jang vê lăng bơ̆t tơdring tơ góp vê lăng sơ đơ̆ng tơdrom chính trị chớp lươm sơ hội bơđơi tơdring adra sơlam,"Thưa quý vị và bà con! Phát huy vai trò của lực lượng Quân đội Nhân dân trong tham gia công tác phổ biến, giáo dục pháp luật; vận động Nhân dân chấp hành pháp luật ở cơ sở. Lực lượng Bộ đội Biên phòng Gia Lai đã và đang tích cực phối hợp cùng cấp ủy, chính quyền địa phương tuyên truyền, vận động Nhân dân tham gia quản lý địa bàn, góp phần giữ vững an ninh chính trị và trật tự an toàn xã hội trên biên giới.","Dear ladies, gentlemen and fellow citizens! Promoting the role of the People's Army force in participating in the work of disseminating and educating the law; mobilizing the people to comply with the law at the grassroots level. The Gia Lai Border Guard force has been and is actively coordinating with local party committees and authorities to propagate and mobilize the people to participate in managing the area, contributing to maintaining political security and social order and safety on the border.",5e7fa98aafcce25d9eff2fe5e5b5de498c44f94d,train,pseudo_label,27.232
a23349fe5682090eca4118be716e7fcf41367335,0P-CqW9N8YY_9,train,https://huggingface.co/datasets/cuong06/Bahnar_Vietnamese/resolve/refs%2Fconvert%2Fparquet/default/train/0046.parquet,781,0P-CqW9N8YY_9.flac,True,29.25,yt_49,yt_49,0p-cqw9n8yy,recording:0p-cqw9n8yy,record_id_prefix,medium,rim oh roi băt lô bô jrŭ lâm pơm jang ư cơ sĩ thoi ay mã adrim oh uy rim pơngay roi tơ bô gươt căl tơ lâm lớp trương păng tơ ring gah tơ dòng thoi kơ yăk ŭnh om rui tôn teh băl lâm nam trương oh to ho nơ̆ng dang ay câu lạc bộ pơlŭ pơlôm lơ oh mê vă pơm kiơ păng rim sơ năm tay tơ goat pơngay nau vă rim oh đây băt lô roi tơ bô tơ dòng pơm jang đừng gương tih roi năr roi lưng lo để các em,"Các em ngày càng có ý thức hơn trong việc chấp hành, không chỉ thế mà mỗi một em còn là những tuyên truyền viên tích cực ngay trên địa bàn trường và địa phương về vấn đề như bạo lực học đường, xâm hại tình dục... Hiện nay CLB thu hút rất nhiều em yêu thích tham gia và hàng năm đều kết nạp thành viên mới để cho các em có kiến thức được phổ biến thông tin từ phía nhà trường ngày càng tốt hơn.","The children are increasingly more conscious in compliance, not only that, but each child is also an active propagandist right in the school area and locality about issues such as school violence, sexual abuse... Currently, the club attracts many children who love to participate and every year admits new members so that they have knowledge to disseminate information from the school better and better.",d49985e82520129f7223dff3912ff97904f8467e,train,pseudo_label,29.248
17d9f2ece199d72bd94a22a55dcf6edd94371605,12_-_[TIẾNG_BA_NA]_NUÔI_DƯỠNG_MẠCH_NGUỒN_CỒNG_CHIÊNG_｜_VTV5_22,train,https://huggingface.co/datasets/cuong06/Bahnar_Vietnamese/resolve/refs%2Fconvert%2Fparquet/default/train/0011.parquet,583,12_-_[TIẾNG_BA_NA]_NUÔI_DƯỠNG_MẠCH_NGUỒN_CỒNG_CHIÊNG_｜_VTV5_22.flac,True,25.149999618530273,yt_55,yt_55,12_-_[tiếng_ba_na]_nuôi_dưỡng_mạch_nguồn_cồng_chiêng_｜_vtv5,recording:12_-_[tiếng_ba_na]_nuôi_dưỡng_mạch_nguồn_cồng_chiêng_｜_vtv5,record_id_prefix,medium,bơngay tôn hơgơr đê̆ bus kiak kơ trŏ nhip ching chêng đê̆ băt luh yăk tơbŏng đê̆ pơtho kiak kơ sau trŏ kăn wă tôn sơgơr thoi lê̆ yăk yah thoi kơ rim khul ching chêng păng đê tôn sơgơr pran kơtang đê kơ chit may oh kơdŏng đê kơ chit păng rơmuăn lưng păng bay suang kiak kơ rim đê bus trŏ kơ chơ gĭt găl pơm tơm,"Bà đang dạy lại cho cháu gái để đánh được trống như bà. Nếu như những đội chiêng nam ngồi đánh với thanh âm mạnh mẽ, dứt khoát, thì đội chiêng nữ tạo ấn tượng bởi cách đánh mềm mại, uyển chuyển, cùng điệu xoang đi ngược chiều kim đồng hồ, với ý nghĩa trở về nguồn cội.","She is teaching her granddaughter to play the drum like her. If the male gong teams sit and play with strong, decisive sounds, the female gong team creates an impression with a soft, flexible way of playing, along with the xoang dance moving counter-clockwise, with the meaning of returning to the roots.",3db290ae59cd387015b6bcfa57d90d46e6822986,train,pseudo_label,25.152
6441b65bad19823e327017db88ae7b366fc8b313,14_-_[TIẾNG_BA_NA]_SỨC_SỐNG_MỚI_TRÊN_HỒ_BA_BỂ_｜_VTV5_19,train,https://huggingface.co/datasets/cuong06/Bahnar_Vietnamese/resolve/refs%2Fconvert%2Fparquet/default/train/0011.parquet,647,14_-_[TIẾNG_BA_NA]_SỨC_SỐNG_MỚI_TRÊN_HỒ_BA_BỂ_｜_VTV5_19.flac,True,13.149999618530272,yt_55,yt_55,14_-_[tiếng_ba_na]_sức_sống_mới_trên_hồ_ba_bể_｜_vtv5,recording:14_-_[tiếng_ba_na]_sức_sống_mới_trên_hồ_ba_bể_｜_vtv5,record_id_prefix,medium,bênh jây để kơ jơt văn hoa nhưng păng ngay tay tơ guăt păng lê gĭt găl để bus kia kơ jêp phinh păng ngay mĕ để tăp luy văn hoa để kơ jơt rđas păng lưng jrâu hơi toy kia kơ,"Bánh giầy, một biểu tượng văn hóa của người Tày, gắn liền với nghi lễ giải hạn, tượng trưng cho Mặt Trăng và người mẹ. Sự biến đổi văn hóa diễn ra khi người ta nhận ra bánh giầy sẽ ngon hơn khi trộn với nước ngải cứu, tạo nên bánh giầy lá ngải, một sự cải biến ẩm thực thú vị.","Giay cake, a cultural symbol of the Tay people, is associated with the ritual of dispelling bad luck, symbolizing the Moon and the mother. Cultural transformation takes place when people realize that giay cake will be more delicious when mixed with mugwort water, creating mugwort giay cake, an interesting culinary modification.",eeef072287325a5c9b04d6e4541b2e3ba497c57f,train,pseudo_label,13.152
bad910b62677517125eaee4896e552f70ef91dfe,18a6zGdg1qs_1,train,https://huggingface.co/datasets/cuong06/Bahnar_Vietnamese/resolve/refs%2Fconvert%2Fparquet/default/train/0024.parquet,1881,18a6zGdg1qs_1.flac,True,29.469999313354492,yt_53,yt_53,18a6zgdg1qs,recording:18a6zgdg1qs,record_id_prefix,medium,mă kơ loi bơ̆r ơ pung tỉnh biên păng ơ pung trê-tôn để ăn năn thuat luốt bảy nuôi lui đây pôm gah tơ mam sa ư-ang păng lơ gơ bơng ngay lâm păng ngay cơ tê đáng bật rút gah tơ drong nâu lui đây crao pơ con pơ lê păng để bơl hơn toy păng mc quynh chi pơ nhiên lang gah tơ drong lưng liêm đương long thuat luốt tư quát hơn toy păng pơ chinh gah tơ drong pôm chang ở tóc tơ yung păng ăn năn tơ mam bơ̆r tơ ring bơng ngay khơ mệ tơ âu,"Đặc biệt ở huyện Tịnh Biên và huyện Tri Tôn, thương hiệu thốt nốt Bảy Núi đã là sản phẩm nổi tiếng được nhiều người trong và ngoài nước biết đến. Mời quý vị và các bạn cùng đồng hành với MC Quỳnh Chi để tìm hiểu những câu chuyện độc đáo về cây thốt nốt, gắn liền với việc khởi nghiệp và phát triển thương hiệu quê hương của người Khmer.","Especially in Tinh Bien district and Tri Ton district, the Bay Nui palm sugar brand has been a famous product known by many people at home and abroad. I invite you to accompany MC Quynh Chi to learn about unique stories about the palm tree, associated with the startup and development of the Khmer people's hometown brand.",9451bd8f16e4403e54948a80aa9ebc0c29f16823,train,pseudo_label,29.472
f256d1eec73c71c72854fdf02cce5a4b55c0c68b,1CO_01_003,train,https://huggingface.co/datasets/cuong06/Bahnar_Vietnamese/resolve/refs%2Fconvert%2Fparquet/default/train/0000.parquet,2,1CO_01_003.flac,True,8.380000114440918,KT_0,KT_0,1co_01,recording:1co_01,record_id_prefix,medium,Nhôn apinh 'Bă tơm bơ̆n 'Bok Kei-Dei hăm Kră Yang bơ̆n Yêsu Krist wei-lăng iĕm tôm tơdrong wă kơ Sư ăn kơ iĕm hiôk-hian ling-lang.,"Cầu xin Đức Chúa Trời, Cha chúng ta và Chúa Cứu Thế Giê-xu ban cho anh chị em ơn phước và bình an.",May God our Father and the Lord Jesus Christ grant you grace and peace.,4272354715c399c3e594fc206bd8a675b99533a2,train,pseudo_label,8.3836875
312863ad23dfc1d179c97218a2e7e21126d2d782,1CO_02_007,train,https://huggingface.co/datasets/cuong06/Bahnar_Vietnamese/resolve/refs%2Fconvert%2Fparquet/default/train/0000.parquet,37,1CO_02_007.flac,True,17.690000534057617,KT_0,KT_0,1co_02,recording:1co_02,record_id_prefix,medium,"Nhôn bơtho tơdrong 'Bok Kei-Dei, tơdrong mă Sư ưh tam mă tơbăt ăn kơ kon bơngai kơtơ̆ng, tơdrong 'noh đơ̆ng blŭng-a 'Bok Kei-Dei ưh tam mă pơjing plĕnh păng teh sơ̆ na Sư pơkă khan wă tơbăt ăn kơ lu bơngai lui bơ̆n băt tơdrong 'noh wă kơ bơ̆n chơt hiôk.","Chúng tôi giảng triết của Đức Chúa Trời, là huyền nhiệm trước kia không ai biết, nhưng từ nghìn xưa Đức Chúa Trời đã dành sẵn để đem lại cho chúng ta vinh quang muôn đời.","We proclaim God’s hidden wisdom, which He predestined before the ages for our glory.",e011be91a026d52b6dcc1e611dcc72f11f868c49,train,pseudo_label,17.687625
122c4294c2ab5757600a6aa4fea82feea1970977,1CO_03_001,train,https://huggingface.co/datasets/cuong06/Bahnar_Vietnamese/resolve/refs%2Fconvert%2Fparquet/default/train/0000.parquet,46,1CO_03_001.flac,True,18.700000762939453,KT_0,KT_0,1co_03,recording:1co_03,record_id_prefix,medium,"Ơ 'nhŏng oh, inh bơtho iĕm sơ̆, ưh kơ thoi inh juăt kơ bơtho lu bơngai mă đei Yang Bơhngol 'Lơ̆ng ôh. Inh bơtho iĕm sơ̆, lu iĕm thoi lĕ lu bơngai kiơ̆ kơ sĕch akar ala teh păng thoi lĕ kon nge, yua kơ iĕm thoi lĕ kơ bơngai mă 'nao lui kơ Yêsu Krist đĕch.","Thưa anh chị em, trước kia tôi không thể nói chuyện với anh chị em như với người thuộc linh, nhưng như người xác thịt, như con đỏ trong Chúa Cứu Thế.","Brothers and sisters, I could not speak to you as spiritual people but as worldly people, as infants in Christ.",aeab31b1ce0f54220703fe7af3139b9c5c001144,train,pseudo_label,18.695
5731e3641f4a6d72dec0d52515b18d5b2b3c55bb,1CO_04_002,train,https://huggingface.co/datasets/cuong06/Bahnar_Vietnamese/resolve/refs%2Fconvert%2Fparquet/default/train/0000.parquet,69,1CO_04_002.flac,True,9.020000457763672,KT_0,KT_0,1co_04,recording:1co_04,record_id_prefix,medium,"Yŏng sư pơjao ăn kơ minh 'nu đam sư chă asong rim 'nu kơ đam sư, na đam mă sư pơjao noh athei kiơ̆ kơ nơ̆r yŏng sư pơkă.",Đức tính thiết yếu của quản gia là trung thành.,The essential quality of a butler is loyalty.,d05a2b9b7f245e11b5edefe00a436d862cfb4ef8,train,pseudo_label,9.0248125
e455ce896cc8f7238dceb2bcf6d2b869837f0de5,1CO_15_039,train,https://huggingface.co/datasets/cuong06/Bahnar_Vietnamese/resolve/refs%2Fconvert%2Fparquet/default/train/0000.parquet,383,1CO_15_039.flac,True,13.09000015258789,KT_0,KT_0,1co_15,recording:1co_15,record_id_prefix,medium,"Na akâu kon bơngai, akâu kon sem brem kư̆m phara kiơ̆ kơ khŭl sư mơ̆n; akâu kon bơngai pha, akâu kon sem brem pha, akâu sem păr pha, akâu ka kư̆m pha mơ̆n.","Cũng thế, động vật chia ra nhiều loài, mỗi loài có cơ thể khác nhau: loài người, loài thú, loài chim, loài cá.","Similarly, animals are divided into many species, each with a different body structure: humans, mammals, birds, and fish.",a15ff2284cd913942ce4a8f42853077873c4b5fd,train,pseudo_label,13.093125
5d5284fffb5d84ae528472a53829a4ebb3270bf0,1CO_16_007,train,https://huggingface.co/datasets/cuong06/Bahnar_Vietnamese/resolve/refs%2Fconvert%2Fparquet/default/train/0000.parquet,409,1CO_16_007.flac,True,7.170000076293945,KT_0,KT_0,1co_16,recording:1co_16,record_id_prefix,medium,"'Nâu ưh kơ sĭ inh wă drong ngôi đĕch ôh, inh wă oei hơdai iĕm đunh 'biơ̆ mơ̆n, dah Kră Yang ăn.","Tôi không có ý định chỉ ghé qua thăm anh chị em, nhưng nếu Chúa cho phép, tôi muốn lưu lại khá lâu với anh chị em.","I didn't plan on just dropping by to visit you all, but if God wills it, I'd like to stay with you for quite a while.",59c2abde5f9a3b323c42040d77b7ffab85c1a41f,train,pseudo_label,7.1665625
a2f0c0fb6d65ebff6c7dea3a592c97e08479e4a5,2B8XP8a9jl4_6,train,https://huggingface.co/datasets/cuong06/Bahnar_Vietnamese/resolve/refs%2Fconvert%2Fparquet/default/train/0012.parquet,535,2B8XP8a9jl4_6.flac,True,14.140000343322754,yt_49,yt_49,2b8xp8a9jl4,recording:2b8xp8a9jl4,record_id_prefix,medium,băng inh bơ̆t bơm kiơ̆ trim băng rơta bu toi âu inh đe băt lô thim ăn o cò gươtih băt vang rok trong nănăm păng lưng băt rơlang yaih bơ̆t rơta bơm trim trong tơ bơlơl tơ rok trong nănăm,"Khi tham gia những buổi tuyên truyền như thế này em có thêm nhiều kiến thức hơn cho bản thân, biết cách tham gia giao thông an toàn, biết cách ứng xử khi gặp tình huống bất ngờ khi tham gia giao thông.","When participating in propaganda sessions like this, I have more knowledge for myself, know how to participate in traffic safely, and know how to behave when encountering unexpected situations while participating in traffic.",726e24ac88d3fa2d1ebd9c3fa2d7edab6d28975f,train,pseudo_label,14.144
cc29ebe8980d8eabef721017324490580abb9068,2CO_10_006,train,https://huggingface.co/datasets/cuong06/Bahnar_Vietnamese/resolve/refs%2Fconvert%2Fparquet/default/train/0001.parquet,852,2CO_10_006.flac,True,12.18000030517578,KT_0,KT_0,2co_10,recording:2co_10,record_id_prefix,medium,"Păng lăp nhôn truh tơ iĕm kơnh, bu ưh tam chu kơ nhôn, nhôn wă bơtho khan phak tơbral đon sư; dôm lu iĕm mă chu, huay boih.","Chúng tôi sẵn sàng chiến đấu chống tất cả những ai không vâng phục, sau khi hướng dẫn anh chị em đầu phục Chúa Cứu Thế.","We are prepared to fight against all who do not submit, after guiding our brothers and sisters to submit to Jesus Christ.",84f56553235aa44c8473c758b196da04c7f7c66d,train,pseudo_label,12.17775
05c5ff93f7b094ecedf4fa7bb4b90d61681a29c6,2PE_01_015,train,https://huggingface.co/datasets/cuong06/Bahnar_Vietnamese/resolve/refs%2Fconvert%2Fparquet/default/train/0000.parquet,852,2PE_01_015.flac,True,10.960000038146973,KT_0,KT_0,2pe_01,recording:2pe_01,record_id_prefix,medium,"Thoi noh na inh adrin chih kơ iĕm, wă kơ iĕm đei hla bơar tơdrong inh bơtho, hli thĕng kơ inh lôch, iĕm oei đei hla bơar tơdrong inh bơtho, na iĕm huay kơ hiơt.","vậy nên, tôi sẽ cố gắng để lại một ấn tượng sâu đậm, hầu anh chị em có thể nhớ mãi sau khi tôi ra đi.","Therefore, I will strive to leave a lasting impression, so that my colleagues can remember me long after I am gone.",f5ae86d2dad14d1a1b3b56f5e62d7a74c3754bbf,train,pseudo_label,10.9645625
ef27d6d3fce869f02d5e1b3ae0e6952c72f45a64,508v_8WJ72s_4,train,https://huggingface.co/datasets/cuong06/Bahnar_Vietnamese/resolve/refs%2Fconvert%2Fparquet/default/train/0025.parquet,1143,508v_8WJ72s_4.flac,True,14.779999732971191,yt_45,yt_45,508v_8wj72s,recording:508v_8wj72s,record_id_prefix,medium,trăm trăng thờ của người giao thường được lưu giữ qua nhiều đời tu kia cơ trường trang um va kơ chon tương bằng anh giao thường ay bơn tu đây bô lương tung trường thoi nó kăn hấp tu sang tra bơm phang pha cư trư trường tra biển lương hla bạr,"Tranh thờ của người Dao thường được lưu giữ qua nhiều đời, nên rất coi trọng đến chất liệu giấy.","The Dao people's worship paintings are often preserved through many generations, so they attach great importance to the paper material.",fe7993600eb91f5e8917fb9c4edecfcb052dd2f9,train,pseudo_label,14.784
861491514ae25b7d8f06e77bec2085ffe3277e4b,5JZFUHFosCQ_8,train,https://huggingface.co/datasets/cuong06/Bahnar_Vietnamese/resolve/refs%2Fconvert%2Fparquet/default/train/0022.parquet,1517,5JZFUHFosCQ_8.flac,True,26.459999084472656,yt_55,yt_55,5jzfuhfoscq,recording:5jzfuhfoscq,record_id_prefix,medium,pơm kư̆ kơ kơ lăk bô sê ô sê hlôy tơ gŭm părăm đê lơ tơ drong păt hlôh đây ao tŏk kơ nau pơcheh đon 'nao pơm chang đây roi tơ bôh pơtho tơ bôh đơ̆ng thây kô pơm chang khŭl inh put tơ klah đon kơ dih păng inh kông đây pơm kư̆ roi tơ bôh tang kăn êt bêt hơt ngô tĕch mơ dro bơhngai păng đê bôh kơ lăk bôh nóh tơ gŭm inh đây ao tŏk sơđơ̆ng kơ dih păng tơ drong pơm chang lâm hnam trương,"Tham gia câu lạc bộ đã giúp em học được nhiều kỹ năng mà em chưa từng có trước đây. Em biết lập kế hoạch, sáng tạo nội dung và sản xuất kênh truyền thông. Nhờ sự hướng dẫn của thầy cô và làm việc của nhóm bạn, em đã tuân theo ý tưởng của mình. Em được tham gia tuyên truyền phòng chống ma túy, phòng chống mua bán người. Câu lạc bộ là môi trường giúp em phát triển vai trò của mình và các hoạt động của trường.","Participating in the club has helped me learn many skills that I did not have before. I know how to plan, create content, and produce media channels. Thanks to the guidance of teachers and the work of my friends, I have followed my ideas. I have participated in propaganda on drug prevention and human trafficking prevention. The club is an environment that helps me develop my role and school activities.",b18417f1f9aab1de9e6863de201ba52ecb1020f7,train,pseudo_label,26.464
b5589583ec5dbc8c3633a843d9dbfd3aabcf714e,5nMy3pFKetY_4,train,https://huggingface.co/datasets/cuong06/Bahnar_Vietnamese/resolve/refs%2Fconvert%2Fparquet/default/train/0012.parquet,1737,5nMy3pFKetY_4.flac,True,9.149999618530272,yt_55,yt_55,5nmy3pfkety,recording:5nmy3pfkety,record_id_prefix,medium,hơtoi noh pơm kiơ̆ nơ năm rok trŏng klung păng plê đê ngơnh păng đê bôh tư gŭm pơngai nay păng đê sơđơ̆ng păng pơm kiơ̆ nơ̆r pơkăp,"Khi tham gia giao thông có thái độ ứng xử văn minh, lịch sự và tinh thần thượng tôn pháp luật.","When participating in traffic, have a civilized, polite behavior attitude and a spirit of upholding the law.",37a7be74e47a88c0e26ec2a027284ebdeb8e393b,train,pseudo_label,9.152
ae50904a6163ae1d607eb620cd9fc332c726eb7d,6-e7eZxcxJE_5,train,https://huggingface.co/datasets/cuong06/Bahnar_Vietnamese/resolve/refs%2Fconvert%2Fparquet/default/train/0025.parquet,1473,6-e7eZxcxJE_5.flac,True,18.6200008392334,yt_45,yt_45,6-e7ezxcxje,recording:6-e7ezxcxje,record_id_prefix,medium,nhun tu săng chai yua kơ phê săng yŏk klai poi ê đa kăna thoi no măn kơ sta đŏng phật tăm thoi âu tu lưng kơ teh ti lưng kơ hơyu ê ri tơ drong chai yua tum kơ phê săng chai yua ê đa poi di chơk khoa pha nhang ka ka lê kơ ta ya kơ tơlechên lưng bơ chăng phuyô kơ jung,"Không chỉ áp dụng cho trang trại của gia đình, anh Cakalli còn phổ biến cho các trang trại trong vùng. Chúng tôi đã sử dụng bã cà phê và các chất thải của các trang trại gà để bón cho cây trồng. Chúng tôi làm như vậy vừa tốt cho đất và vừa tốt cho môi trường. Việc tái sử dụng bã cà phê làm phân bón cho cây được xem là chìa khóa giúp anh Cakalli cắt giảm đáng kể chi phí sản xuất, giúp đem lại lợi nhuận tốt hơn.","Not only applying it to his family's farm, Mr. Cakalli also popularizes it to farms in the region. We have used coffee grounds and waste from chicken farms to fertilize crops. We do so both good for the soil and good for the environment. Reusing coffee grounds as fertilizer for plants is considered the key to helping Mr. Cakalli significantly cut production costs, helping to bring better profits.",fe9bfcb48a9cc56360f58874a8ae1c1cf7493a59,train,pseudo_label,18.624
c84a4509371ecf6e964c2b2cb28195eda7844825,6i-ljhMENzI_32,train,https://huggingface.co/datasets/cuong06/Bahnar_Vietnamese/resolve/refs%2Fconvert%2Fparquet/default/train/0012.parquet,2125,6i-ljhMENzI_32.flac,True,11.140000343322754,yt_55,yt_55,6i-ljhmenzi,recording:6i-ljhmenzi,record_id_prefix,medium,inh đi tăng trên pơngai bu kương hương hành mă khan tơn hơp tap păng ăn nih pơsa đêm mêh wă đê pơm kơ tă păng ưh kơ chep ba wih,"Mình cũng như tất cả mọi người, ai cũng vui vẻ làm việc, dù công việc bận rộn vẫn dành thời gian đến phát cơm cho bà con. Quán mong muốn phục vụ cơm tại chỗ, chứ không phát mang về.","I, like everyone else, am happy to work, even though the work is busy, I still spend time coming to distribute rice to the people. The restaurant wants to serve rice on the spot, not distribute it to take away.",fdd60399248f8fcdc0aa8e04661c371ecc56cdd3,train,pseudo_label,11.136
28b9f24f8d45c8b7a57dc7253bfd9d563dda2c45,6kEh5UwzYh4_0,train,https://huggingface.co/datasets/cuong06/Bahnar_Vietnamese/resolve/refs%2Fconvert%2Fparquet/default/train/0012.parquet,2128,6kEh5UwzYh4_0.flac,True,19.8700008392334,yt_45,yt_45,6keh5uwzyh4,recording:6keh5uwzyh4,record_id_prefix,medium,đây pơsrăm kơ tơdrong bơ̆jăng pơtăm kơ tao fao pui 'yok kơ jung tôm uy hnam tu ê chi hla par tơguăt tơdrong cha chong tơmăm păng kŏng ti kơ nơm thoi no tơdrong bơ̆jăng lơ̆m uy hnam tu re kơ chăp lơ̆m minh pơyan kơ tao thoi no tôm pơngay lơ̆m gul tu pui 'yok hlo pơ tiơ tu hla kên lơ̆m mênh hekta,"Được học cách canh tác mía cho năng suất cao, ký kết hợp đồng bao tiêu sản phẩm với công ty. Kinh tế của các gia đình ngày càng ổn định. Trung bình mỗi vụ mía, các thành viên tổ hợp tác thu về hơn 70 triệu đồng/ha.","Being taught how to cultivate sugarcane for high yield, signing product consumption contracts with the company. The economy of the families is increasingly stable. On average, each sugarcane crop, members of the cooperative group earn over 70 million VND/ha.",7e392ddecc45f3c468e83cfd47e60fd7bf082289,train,pseudo_label,19.872
21ba804c29c212183a85d18dfad64f43e1d069a3,6NIWN-GRdgg_44,train,https://huggingface.co/datasets/cuong06/Bahnar_Vietnamese/resolve/refs%2Fconvert%2Fparquet/default/train/0035.parquet,587,6NIWN-GRdgg_44.flac,True,21.219999313354492,yt_53,yt_53,6niwn-grdgg,recording:6niwn-grdgg,record_id_prefix,medium,hơi toài păng vây ver autock tơ yung chấp chàng gà cơ chất kiện cả trong vương lom păng ffi nó cũng lời đầy nghềnh lời đầy vây lăng kiện cơ chất hơi toài păng rim cơ trình lời đầy lơ cơ sinh học do thời a bởi được việt nam công thời lệ lươm tiệc chặt,"Hành động bảo tồn ưu tiên hiện tại là việc có một cách tiếp cận toàn diện và thống nhất với toàn sinh cảnh. Và FFI cùng các đối tác tin rằng, cách tốt nhất để bảo vệ khu rừng khỏi những mối đe dọa săn bắn, đặt bẫy là nâng hạng khu rừng và thành lập một khu bảo tồn tại khu vực có giá trị đa dạng sinh học cao nhất và không thể thay thế với Việt Nam cũng như trên thế giới.",The current priority conservation action is to have a comprehensive and unified approach to the entire habitat. And FFI and partners believe that the best way to protect the forest from the threats of hunting and trapping is to upgrade the forest and establish a conservation area in the area with the highest biodiversity value and irreplaceable for Vietnam as well as the world.,155d8993cf5bac7b9455fbf5a4d7bb06a3943936,train,pseudo_label,21.216
55464ad743f650fdb38c4535fc8ceb231f4bfd80,6p4pqawbzM8_1,train,https://huggingface.co/datasets/cuong06/Bahnar_Vietnamese/resolve/refs%2Fconvert%2Fparquet/default/train/0012.parquet,2137,6p4pqawbzM8_1.flac,True,16.450000762939453,yt_55,yt_55,6p4pqawbzm8,recording:6p4pqawbzm8,record_id_prefix,medium,ơ kon plê păng đê bôl mã khan tơ bơm lơ tơ nap táp khul vang tơ gôm unh hnam pơng hay trăm hiong yua teh đak chara hoa binh lui adrin tơ lei tim tơ trong git găl tơ gom blok tơ tơ rơ păng tơ gôm trim unh hnam bu đội trăm hiong yua teh đak,"Thưa quý vị và các bạn! Dù gặp nhiều khó khăn, Hội Hỗ trợ gia đình liệt sĩ tỉnh Hòa Bình đã nỗ lực triển khai các hoạt động ý nghĩa, góp phần tri ân và hỗ trợ các gia đình liệt sĩ.","Dear ladies and gentlemen! Despite facing many difficulties, the Association for Supporting Families of Martyrs of Hoa Binh province has made efforts to implement meaningful activities, contributing to expressing gratitude and supporting the families of martyrs.",7d7c1c628ffac3ed2505b20daea5103cae82336e,train,pseudo_label,16.448
dc7587758d304cf8cfb7317dfe268b0da31956fb,6ycdVr2sJx0_5,train,https://huggingface.co/datasets/cuong06/Bahnar_Vietnamese/resolve/refs%2Fconvert%2Fparquet/default/train/0012.parquet,2173,6ycdVr2sJx0_5.flac,True,15.06999969482422,yt_45,yt_45,6ycdvr2sjx0,recording:6ycdvr2sjx0,record_id_prefix,medium,tru hơ pên ao hơp yơ kui tơ păng tum đara kơm ti đar soi 'lơ̆ng pa kơ ti tơ ngay yai tơ âu đây min tơ trương 'lơ̆ng kơ neng păng măn hơmâng,"Đến với trang phục truyền thống. Chữ Giáy ở đây mang ý nghĩa là tiết kiệm, dành dụm.","Coming to traditional costumes. The word Giay here means to save, to economize.",f789327e5c48528aa41aafb382dce50114ebd7c1,train,pseudo_label,15.072
7d23f5d66fd41291c02e21ea862ff3610985f0ba,6ywVDNU6aho_1,train,https://huggingface.co/datasets/cuong06/Bahnar_Vietnamese/resolve/refs%2Fconvert%2Fparquet/default/train/0025.parquet,1777,6ywVDNU6aho_1.flac,True,19.780000686645508,yt_53,yt_53,6ywvdnu6aho,recording:6ywvdnu6aho,record_id_prefix,medium,jung ngia sao huai lơm hơmet ming ơ pung plênh tih hơdoi păng ăn nih hlơi đi pơm chang pơtho păng pơhrăm bơ̆re rim kơ tơdring nai lơm char gah tơdrong pơtho păng pơhrăm lơm ơ pung chiơ prŏng bơ̆re char jơlai hlơi đi lơ kơ tơdrom tơplih keh 'lơ̆ng păng pơtho ơ tŏk kơ jung kiơ̆ kơ sơnăm pơhrăm,"Công tác Giáo dục và Đào tạo của huyện Chư Prông, tỉnh Gia Lai cũng đã có sự chuyển biến hết sức tích cực, chất lượng giáo dục được nâng lên qua từng năm học.","The Education and Training work of Chu Prong district, Gia Lai province, has also had very positive changes, and the quality of education has been raised through each school year.",8da1cd324a69da0b8b0363fe124cbe594168fe28,train,pseudo_label,19.776
885a1c7ea6798b80f43b4f6dfd1c3303f4aaefb1,77ggur67P9w_2,train,https://huggingface.co/datasets/cuong06/Bahnar_Vietnamese/resolve/refs%2Fconvert%2Fparquet/default/train/0049.parquet,2179,77ggur67P9w_2.flac,True,26.719999313354492,yt_33,yt_33,77ggur67p9w,recording:77ggur67p9w,record_id_prefix,medium,păng du đe cha tơ guơt lâm tơdrong cha rong rơmơ wơ kơ gơ cha atok tơdrong pu yŏk păng đon pơnuh cha găt pơnam tô chơgăm pơm kêu trong rơgê 'nao lâm tơdrong jang đê cha yơ du khul hơdrich ba 'nao an play rơgê păng du đe cha kêu dơ̆t du khul pơrang lâm tơdrong cha rong kon kêk gơnơm kơ adrin linh lang kơ na tơdrong bơ jang 'nĕt 'nĕt du đe cha blê tơdrong cha pu yŏk lơ 'ba rêng rơtu lĕ jên lơm minh sơnam,"Để chuyển đổi hơn 2ha đất sang trồng lúa và mì, đồng thời, kết hợp chăn nuôi bò nhằm đa dạng nguồn thu nhập. Với tinh thần ham học hỏi, chị tích cực ứng dụng tiến bộ khoa học kỹ thuật vào sản xuất, sử dụng các giống lúa mới cho năng suất cao và đảm bảo an toàn dịch bệnh trong chăn nuôi. Nhờ nỗ lực và kiên trì, kinh tế gia đình dần khởi sắc, hiện thu nhập hơn 200 triệu đồng mỗi năm.","To convert more than 2 hectares of land to rice and cassava cultivation, and at the same time, combine cattle raising to diversify income sources. With a spirit of eagerness to learn, she actively applies scientific and technical advances to production, using new rice varieties for high yield and ensuring disease safety in livestock. Thanks to effort and perseverance, the family economy has gradually flourished, currently earning an income of more than 200 million VND per year.",79e44d551bd53527ebe2366a69319dbed35d91d4,train,pseudo_label,26.72
6a2c228aef0459efeb821df3765476c4fcf7f76d,7jVW_iXNb_w_2,train,https://huggingface.co/datasets/cuong06/Bahnar_Vietnamese/resolve/refs%2Fconvert%2Fparquet/default/train/0026.parquet,12,7jVW_iXNb_w_2.flac,True,25.65999984741211,yt_52,yt_52,7jvw_ixnb_w,recording:7jvw_ixnb_w,record_id_prefix,medium,đơ̆ng rŏng lơ khây tơlĕch sim drŏng chang păng ătrin pơnhê lăng rim trinh sat bôh đô̆ wêh lăng ătra sơlam tŏm bôh minh trŏng răk tĕch chơchuen hơ̆t ngô đơ̆ng lao mơ̆t lơ̆m vietnam đơ̆ng nong ba năm tơ̆ teh đăk mă pêng tĕch mơ trŏ rim 'băng pơm chang rim pơngai pơchao kơ sô̆ hơ̆t ngô tŏk loy hơ̆reng tŏ hêrôin loy hơ̆reng hơbơ win hơ̆t ngô akŏm drŏng chang kơ sô̆ a pơh băr mônh đe pơching,"Sau nhiều tháng tiến hành các biện pháp nghiệp vụ và dày công điều tra, các mũi trinh sát BĐBP phát hiện một đường dây mua bán, vận chuyển ma túy từ Lào vào Việt Nam, sau đó đưa sang nước thứ 3 tiêu thụ. Mỗi “phi vụ làm ăn”, các đối tượng giao dịch số lượng ma túy lên đến hàng trăm bánh heroin, hàng trăm nghìn viên ma túy tổng hợp. Chuyên án mang bí số A721 được xác lập.","After many months of conducting professional measures and painstaking investigation, Border Guard reconnaissance units discovered a ring buying and transporting drugs from Laos into Vietnam, then taking them to a third country for consumption. In each ""business deal"", the subjects traded quantities of drugs amounting to hundreds of heroin cakes and hundreds of thousands of synthetic drug pills. Special case code-named A721 was established.",78e7df7ecd66a2112f3a23745513fc8907680f60,train,pseudo_label,25.664
0c60bb7fa8c4e06f5934d6d95cac0a80b00f9336,7K_dsg21Xss_3,train,https://huggingface.co/datasets/cuong06/Bahnar_Vietnamese/resolve/refs%2Fconvert%2Fparquet/default/train/0035.parquet,843,7K_dsg21Xss_3.flac,True,16.450000762939453,yt_53,yt_53,7k_dsg21xss,recording:7k_dsg21xss,record_id_prefix,medium,nau không lơ đây bơm hơi minh lơ̆ng mù mắt hơi toy bằng riêm gà bên ao thu buôh ăn gà tơ tròng gà người sư công thoái lệ đeo bơl sinh viên nau không lợi đây hơi minh nau và soang gà tơ tròng chất chuê ở trên con công cơ tiếp,"Điểm trang kỹ lưỡng. Xiêm y lộng lẫy. Các bạn ấy không phải nghệ sĩ, các bạn là sinh viên và đang chuẩn bị biểu diễn một điệu múa truyền thống của dân tộc mình.","Carefully made up. Splendid costumes. They are not artists, they are students and are preparing to perform a traditional dance of their ethnic group.",8bdb5ef4d634dd586042340a76c1d2093a5e4235,train,pseudo_label,16.448
8344ac0cfd69a95262e31a7d9567700dd713e60f,7LcvozwpmAw_46,train,https://huggingface.co/datasets/cuong06/Bahnar_Vietnamese/resolve/refs%2Fconvert%2Fparquet/default/train/0025.parquet,2053,7LcvozwpmAw_46.flac,True,8.800000190734863,yt_53,yt_53,7lcvozwpmaw,recording:7lcvozwpmaw,record_id_prefix,medium,trim kơ carbon lâm vê lăng sơ đơ̆ng kiện cơ trong vơ long rơi tŏng bốc liên lang nơi đây kiện cơ trong vơ long vê lăng carbon rơm bri đi chơi nơi,"Nội dung tín chỉ carbon còn là nội dung mới, cho nên cần phải tập huấn, tuyên truyền nhiều lần và thường xuyên để bà con hiểu được về giá trị từ tín chỉ carbon rừng đem lại.","The content of carbon credits is still a new content, so it needs to be trained and propagated many times and regularly so that the people understand the value brought by forest carbon credits.",24ba92d0f13cbb1c65e97caaeb10c2129d77a398,train,pseudo_label,8.8
6d7c005c4260d53a492858c4c55cd3ea61588bb5,7owa5wtKGZg_2,train,https://huggingface.co/datasets/cuong06/Bahnar_Vietnamese/resolve/refs%2Fconvert%2Fparquet/default/train/0022.parquet,1625,7owa5wtKGZg_2.flac,True,12.539999961853027,yt_49,yt_49,7owa5wtkgzg,recording:7owa5wtkgzg,record_id_prefix,medium,re đơ̆ng gre tih loi lơ tơdăm không hơi tăng cơ sộ gre vạ việc tơdrong crowd pho không nhân lê lang giai đơ̆ng rim khul công an đơ̆ng rong anu,"Tiếng động của xe lớn hơn, nhiều thanh thiếu niên cũng đã tăng số lượng phương tiện để tránh sự rượt đuổi của các lực lượng Công an sau này.","The sound of the vehicle is louder, and many teenagers have also increased the number of vehicles to avoid the pursuit of the Police forces later.",3750cb5729f3fd4bca6b46b07e0de6f0bdfd0f51,train,pseudo_label,12.544
bca97f92c73d7ec1f77065f9220349df9905c9e6,8f9uGTy2koU_5,train,https://huggingface.co/datasets/cuong06/Bahnar_Vietnamese/resolve/refs%2Fconvert%2Fparquet/default/train/0035.parquet,1545,8f9uGTy2koU_5.flac,True,11.869999885559082,yt_53,yt_53,8f9ugty2kou,recording:8f9ugty2kou,record_id_prefix,medium,roi băng năr rơi tơ gŭm an rơkon sâu wă đây lơ bun ai tơ mam hu bơngai yau tiên rơi đây lơ tơ sĕng ga tơdrong pơm hơm mĕ minh lưng băng parable,"Nói những lời hay, phù hộ cho con cháu nhiều may mắn. Đồ bạc của người Dao Tiền độc đáo trong hàng trăm nghề bạc của các dân tộc anh em khác, với kiểu thức lạ về hình khối, đồ án trang trí, mô-típ hoa văn.","Saying good words, blessing the descendants with much luck. The silver items of the Dao Tien people are unique among hundreds of silver crafts of other brotherly ethnic groups, with strange styles in shapes, decorative patterns, and motifs.",523135219bd37d8026c05e7488e1ac2a9f20281c,train,pseudo_label,11.872
9807b73c9253883b3be9bc44cfb89222d5caa66f,8QtmCwdkSsE_8,train,https://huggingface.co/datasets/cuong06/Bahnar_Vietnamese/resolve/refs%2Fconvert%2Fparquet/default/train/0035.parquet,1491,8QtmCwdkSsE_8.flac,True,8.899999618530273,yt_49,yt_49,8qtmcwdksse,recording:8qtmcwdksse,record_id_prefix,medium,adole ki bar pêng sơnăm cung pơm bô bơmâu nâu gươh đề giane pơm minh sô bơmâu va kech bơlong lăng,"Cách đây 2,3 năm cũng làm, thấy nấm cho hiệu quả, nên mở rộng quy mô trồng nấm.","2, 3 years ago I also did it, saw that mushrooms were effective, so I expanded the scale of mushroom growing.",581f83bad92cf73b6ff45c904c7ddb6b28147c84,train,pseudo_label,8.896
80a1d65bdb2bb3dad14d7ffd89d8b39ae768d947,8UNxMSp4g1E_5,train,https://huggingface.co/datasets/cuong06/Bahnar_Vietnamese/resolve/refs%2Fconvert%2Fparquet/default/train/0035.parquet,1499,8UNxMSp4g1E_5.flac,True,24.700000762939453,yt_-1,yt_-1,8unxmsp4g1e,recording:8unxmsp4g1e,record_id_prefix,medium,đồng chiếp hình là là con tác mắt trường thôn tức là con tác tuyên tuyền vận động nhân dân bóp hình pơm chăng mặt trận liêng lăng phương thờ bô ăn con play ga phương play pla nào ga ba ngay lui lây liêng lăng hơp phong thời vang thương băng đăng được các mặt thực là dự diễn đoàn kết nội bộ,"Ông Rmah Mui, Bí thư Chi bộ làng Blôm, xã Kim Tân, huyện Ia Pa, Gia Lai: Đồng chí Phính làm công tác Mặt trận thôn, thường xuyên tuyên truyền vận động nhân dân xây dựng nông thôn mới rất tốt. Vận động bà con tôn giáo giữ gìn đoàn kết thôn làng, luôn thực hiện chủ trương của Đảng, Nhà nước.","Mr. Rmah Mui, Secretary of the Party Cell of Blom village, Kim Tan commune, Ia Pa district, Gia Lai: Comrade Phinh does the village Front work, often propagating and mobilizing the people to build new rural areas very well. Mobilizing religious people to maintain village solidarity, always implementing the guidelines of the Party and State.",d6b852cf5a5355cceab0d2cf40a1c699131d3a6a,train,pseudo_label,24.704
f274867f44f15132e6ee79e0a3d5e9dfe197e500,8WI_PmmJIJE_3,train,https://huggingface.co/datasets/cuong06/Bahnar_Vietnamese/resolve/refs%2Fconvert%2Fparquet/default/train/0035.parquet,1535,8WI_PmmJIJE_3.flac,True,5.5,yt_45,yt_45,8wi_pmmjije,recording:8wi_pmmjije,record_id_prefix,medium,tơ̆ng để tơdrong cha tơgŭm snam âu kơnh kla kăn inh tư gô pôk bơ cheng tơ̆ng,"Nếu có sự trợ giúp, sang năm vợ chồng em lại đi làm tiếp.","If there is help, next year my husband and I will go back to work.",44ce5a1b93e2f8e8be6e45a6dc62ebe83efc160c,train,pseudo_label,5.504
f2d367ea3f12e10cc6a2ae082656cc7084387609,9CbJzRSL13I_13,train,https://huggingface.co/datasets/cuong06/Bahnar_Vietnamese/resolve/refs%2Fconvert%2Fparquet/default/train/0013.parquet,633,9CbJzRSL13I_13.flac,True,24.959999084472656,yt_55,yt_55,9cbjzrsl13i,recording:9cbjzrsl13i,record_id_prefix,medium,pêng păt nu dăng ê băt njư nhôm yau păng tơdrong la bơar chih ndrim anăn la bơar chih păng tơdrong pơm jang nay la bơar kiơ̆ kơ tơdrong juăt chuê pơtho inh thuê păng sơmah adek adrung păng đê ăn hau thinh ndrim sơnơp la bơar đê minh reng pênh jit rơpâu kiơ̆ kơ tơdrong chih hơmet,"Những học viên này bây giờ đã biết đọc chữ Nôm - Dao và thực hiện nghi lễ đầy đủ theo truyền thống. Mỗi loại nghi lễ đều có sách riêng như sách cúng Thổ Công, sách cúng Ma Rừng và sách cúng Tổ tiên của gia đình... Sau khi dạy xong, tôi còn in các cuốn sách để phát cho học viên. Mỗi quyển sách trị giá 130.000 đồng bao gồm cả chi phí soạn thảo.","These students now know how to read Nom-Dao script and perform rituals fully according to tradition. Each type of ritual has its own book such as the Earth God offering book, the Forest Ghost offering book, and the family Ancestor offering book... After teaching, I also printed books to distribute to students. Each book costs 130,000 VND including drafting costs.",2ee7a0565afb6c9e97f809fe9b19a4073986de06,train,pseudo_label,24.96
2dc0d80cea512764a22ab5900fb8e39aabe73403,9tXsm2FxoMc_26,train,https://huggingface.co/datasets/cuong06/Bahnar_Vietnamese/resolve/refs%2Fconvert%2Fparquet/default/train/0013.parquet,777,9tXsm2FxoMc_26.flac,True,8.260000228881836,yt_55,yt_55,9txsm2fxomc,recording:9txsm2fxomc,record_id_prefix,medium,lầm hồi ký nhôn để ari thoại nó đừng phó giao sư tiến sĩ nguyễn anh tuyết băng nhạc si phạm tuyền đầy chí,"Trong hồi ký “Chúng tôi đã sống như thế” của PGS – TS Nguyễn Ánh Tuyệt, vợ nhạc sĩ Phạm Tuyên, có viết:","In the memoir ""We lived like that"" by Associate Professor - Dr. Nguyen Anh Tuyet, wife of musician Pham Tuyen, it is written:",133aa0e3665d30748fc8742d8518cb0835d10e33,train,pseudo_label,8.256
adee18905825b2480f333122c936b81b7ba5d16b,A_B_7lL-1_8_3,train,https://huggingface.co/datasets/cuong06/Bahnar_Vietnamese/resolve/refs%2Fconvert%2Fparquet/default/train/0036.parquet,135,A_B_7lL-1_8_3.flac,True,11.710000038146973,yt_53,yt_53,a_b_7ll-1_8,recording:a_b_7ll-1_8,record_id_prefix,medium,năm khung lơ đei năm tru bơ̆t độ ô không lơ đei meo bắt mã drim ca tơ drong lơ đei ke ka lăp linh sơ mã bơ̆t âu không lơ đei đei không lơ đei bơ̆t được grâm glai lê hơmơ tơ ti,"Đi làm như thế này chúng tôi không có nhiều đường bằng phẳng như mọi người thường đi. Thực sự cực kỳ mệt. Trời mưa thì ngại nhất, có khi có sấm sét, thì lại không dám bật điện thoại.","Going to work like this, we do not have many flat roads like people usually go. It is really extremely tiring. When it rains, it is the most troublesome, sometimes there is thunder and lightning, then we do not dare to turn on the phone.",4c7e634df1b60c14a32d49658db8dbb5eafd4861,train,pseudo_label,11.712
e1ee6902f8ed3ffe86d20476a83a34a78788d145,ACT_21_031,train,https://huggingface.co/datasets/cuong06/Bahnar_Vietnamese/resolve/refs%2Fconvert%2Fparquet/default/train/0001.parquet,1468,ACT_21_031.flac,True,16.649999618530273,KT_0,KT_0,act_21,recording:act_21,record_id_prefix,medium,"Na 'bok tih linh ei krao hloi 'bok phŏ iĕ 'biơ̆ kơ sư păng lu linh sư mơ̆n năm tơkan hloi tơ lu đe tơpôl lơ ei. Lăp lu kon pơlei pơla 'bôh 'bok tih linh păng lu linh sư, na lu kon pơlei pơla huay pă teh Pôl dơ̆ng.","Họ đang tìm cách giết Phao-lô, thì viên chỉ huy trung đoàn La Mã vừa nhận được tin cả thành Giê-ru-sa-lem nổi loạn.",They were plotting to kill Paul when the Roman commander received word that the entire city of Jerusalem was in an uproar.,d96f973a830346e9475526d9d8f488a110216725,train,pseudo_label,16.654625
4c33fe3a5c8627e1e0671437fe03b055d7bc3a1a,AvgNLjbZm2k_2,train,https://huggingface.co/datasets/cuong06/Bahnar_Vietnamese/resolve/refs%2Fconvert%2Fparquet/default/train/0036.parquet,452,AvgNLjbZm2k_2.flac,True,23.649999618530273,yt_55,yt_55,avgnljbzm2k,recording:avgnljbzm2k,record_id_prefix,medium,lơ̆m kơ pla pơm chăng chi bô hơdei păng sa vang tơ gươm adrek lŏng pơtăm sem trŏng jên pơm hnăm pơkra minh hnăm pơto ki thuăt ăn uy hnăm tơ nu pơm chăng atŏk yua yŏk ngay kơ no sah uy tơ klep păng jim tơ trŏng pơm chăng pơjêng plê pla đau minh hreng pêng chit đăm pơjao wên lăng bria kơ trưng akom bơ̆t jim uy hnăm tơ nu,"Các chi bộ đã phối hợp với xã triển khai hỗ trợ cây trồng, vật nuôi, kinh phí làm nhà, sửa nhà, hướng dẫn kỹ thuật sản xuất cho các hộ nghèo. Lồng ghép các chương trình, dự án nông thôn mới, CT 135.","Party cells have coordinated with the commune to deploy support for crops, livestock, funding for building houses, repairing houses, and guiding production techniques for poor households. Integrating programs, new rural projects, Program 135.",83824b961f5e9e57162b3d9c6fd883c345a77581,train,pseudo_label,23.648
c7c4070f963ecd9ba1f923c2085b842baac26e43,aWJ1eNtCT8Q_10,train,https://huggingface.co/datasets/cuong06/Bahnar_Vietnamese/resolve/refs%2Fconvert%2Fparquet/default/train/0018.parquet,173,aWJ1eNtCT8Q_10.flac,True,26.020000457763672,yt_55,yt_55,awj1entct8q,recording:awj1entct8q,record_id_prefix,medium,dăng pon hrĕng drô jit tih đe minh phêt ji pêng kla hrĕng kiơ̆ kơ jơ̆p lơ̆m ani choh jang mêl ba rŏng ka hơdăng đi tơ gŭm đơ̆ng jinh kuin tơ ring păng ani pơm jang bơ̆t tơ nâu mŏng đak klung bŏng thŏng đak đe rŏng bơ̆t adron che pa kinh tơ gơjung ngay kơ noh rŏng ka hơdăng bơ̆t tơ nâu rŏng ka đe pơ nhŏ achơ-nơ arih tơ gop jur pơngot tơ jur tơ nuh bơ̆t tơ ring,"Được sự hỗ trợ của chính quyền địa phương và doanh nghiệp tạo điều kiện khai thác mặt nước tại các lòng hồ thủy điện, rất nhiều hộ dân đã triển khai lồng bè nuôi cá, mang lại hiệu quả kinh tế cao. Ngoài ra, nguồn lợi thủy sản tự nhiên tại các lòng hồ cũng giúp bà con cải thiện sinh kế, góp phần xóa đói, giảm nghèo cho địa phương.","With the support of local authorities and businesses creating conditions to exploit the water surface at hydroelectric reservoirs, many households have implemented fish farming cages, bringing high economic efficiency. In addition, natural aquatic resources in the reservoirs also help people improve their livelihoods, contributing to hunger eradication and poverty reduction for the locality.",5d8e008b40f6773b18b90aee917fcffa0e97e8c5,train,pseudo_label,26.016
d340c66b20b447a6db0d267cf9ac304a76d5bf5b,AYIEQjztVEU_1,train,https://huggingface.co/datasets/cuong06/Bahnar_Vietnamese/resolve/refs%2Fconvert%2Fparquet/default/train/0013.parquet,970,AYIEQjztVEU_1.flac,True,19.229999542236328,yt_45,yt_45,ayieqjztveu,recording:ayieqjztveu,record_id_prefix,medium,lơm ăn nih bri kơmrơng đây wê năng tây in tư như trê kon plên dung kon kông pơnge tay nung chiao yung ta trê kon plê âu chi ăn nih bri kơmrơng hê-rô,"Nằm trong khu bảo tồn thiên nhiên Tây Yên Tử, là những làng bản của đồng bào các dân tộc Tày, Nùng, Dao. Bao quanh những ngôi làng này là khu rừng nguyên sinh Khe Rỗ.","Located in the Tay Yen Tu nature reserve are the villages of the Tay, Nung, and Dao ethnic groups. Surrounding these villages is the Khe Ro primeval forest.",e18a1d8248a6872280c1f287395f0130e2486251,train,pseudo_label,19.232
4293bde9efef428b8b55d0a774e49f241f219984,bpXJokKwFPg_21,train,https://huggingface.co/datasets/cuong06/Bahnar_Vietnamese/resolve/refs%2Fconvert%2Fparquet/default/train/0041.parquet,1054,bpXJokKwFPg_21.flac,True,26.049999237060547,yt_53,yt_53,bpxjokkwfpg,recording:bpxjokkwfpg,record_id_prefix,medium,ơ kŏm bơ̆t đầu cũng lôi để minh khi bơ̆t hợp tác sah đầy dang minh hơn đăm giết ru bar hơn tuấn nhiêm nhưng bơ̆t đương cơ đương nhưng bơ̆t đầu cũng lôi để bơ̆t để ninh binh rim nặng bơ̆t đầu cũng lôi để chất gah ru hơi met minh pơ gang ngay đừng ngay cơ măng tru cơ tơ đon nó cũng lôi để bơm kia gah tơ dòng cũng thoi lệ cla đương cơ bột vôi bơ̆t đầu cũng lôi để jum tăr cơ đon,"Hiện trung bình mỗi tháng hợp tác xã xuất bán khoảng 150 - 200 tấn thịt lợn. Trang trại lợn Trà Xanh nằm sâu trong huyện Gia Viễn, Ninh Bình. Hàng ngày, công nhân thực hiện khử trùng, tiêu độc từ ngoài cổng vào nơi chăn nuôi, từ người tới phương tiện. Vôi bột được rắc xung quanh chuồng.","Currently, on average, the cooperative sells about 150 - 200 tons of pork per month. Tra Xanh pig farm is located deep in Gia Vien district, Ninh Binh. Every day, workers carry out disinfection and detoxification from the gate to the livestock area, from people to vehicles. Lime powder is sprinkled around the barn.",d72d36467562cbca89db41f4bd5c7f1f09953765,train,pseudo_label,26.048
8bf804038460accea05a8fa356a22b1e2240c216,BwxQjFmIJME_2,train,https://huggingface.co/datasets/cuong06/Bahnar_Vietnamese/resolve/refs%2Fconvert%2Fparquet/default/train/0036.parquet,1010,BwxQjFmIJME_2.flac,True,16.670000076293945,yt_49,yt_49,bwxqjfmijme,recording:bwxqjfmijme,record_id_prefix,medium,yoh yŏk sơđơ̆ng kơ minh bơngai sơnăm ba rơpơ̆ ba jĭt loi pênh dơ̆m triŭ hlak jên trŏng nơnăm pơlê pơla đây tơ yung pơjêng hrăm kăl tih trutăng i minh hrêng klăk hrêng roh trŏng lơm sah thôn pơlê đây tuh pê tŏng wang tơ gŭm lơi yuơ ăn nơnăm wih wơ̆t jơ chuên tơma drăm,"Thu nhập bình quân đầu người năm 2020 trên 35 triệu đồng/người. Hệ thống đường giao thông nông thôn được đầu tư xây dựng đồng bộ, hiện đại. Đến nay, 100% tuyến đường trục xã, thôn, làng được bê tông hóa, tạo điều kiện thuận lợi cho lưu thông, vận chuyển hàng hóa.","The average income per capita in 2020 was over 35 million VND/person. The rural traffic system has been invested in and built synchronously and modernly. Up to now, 100% of commune, hamlet, and village main roads have been concreted, creating favorable conditions for circulation and transportation of goods.",60af305e794d34e2054716dbe8cc1c4b5c792e5e,train,pseudo_label,16.672
5f53a9243039ec0f42c9f046018fd3c8ad55597a,bYI3g02cCAM_5,train,https://huggingface.co/datasets/cuong06/Bahnar_Vietnamese/resolve/refs%2Fconvert%2Fparquet/default/train/0030.parquet,1672,bYI3g02cCAM_5.flac,True,4.989999771118164,yt_45,yt_45,byi3g02ccam,recording:byi3g02ccam,record_id_prefix,medium,kăn hăp tuh đe tŏ đon kăt trường cha bươ̆ lăng hơpui sa kươi ari lâm uynh nam,và nghề chổi dót này mang lại thu nhập khá ổn định cho người dân.,and this dot broom craft brings a fairly stable income for the people.,e01c8182166fdc4b9bedb435512177d5dce02d47,train,pseudo_label,4.992
c716d4bec839674d1572c034a4b8736c1273b262,CAQErq7maMs_8,train,https://huggingface.co/datasets/cuong06/Bahnar_Vietnamese/resolve/refs%2Fconvert%2Fparquet/default/train/0026.parquet,1432,CAQErq7maMs_8.flac,True,23.200000762939453,yt_45,yt_45,caqerq7mams,recording:caqerq7mams,record_id_prefix,medium,tơ chat đak-lăk sănăm bari pôl ba dimunh tuh đe teng ming rơpơ nu săng tăng lăk lơm sănăm tam đê tơl tơ dương âu tuh đe bô tơ đe kon blay mơnhang thon đo pha pơm tơ dương âu tuh bih bu nhôk tơ dương âu tuh we tơ năm tam tơ đe kon blay săng tơ năm tam poi bơ̆t yok unh tơ nuh tăm tơl sănăm tơ dương âu kăn hăm tuh ari kơ nơm kơ mê pa pơm ăn kơ kăn hăm tuh bih lĕng,"Tại Đắk Lắk, năm 2021 có khoảng 1.000 trường hợp có thai ở tuổi vị thành niên, đây là mức rất cao. Điều này cho thấy thực trạng về tảo hôn ở đây còn khá phức tạp. Khó khăn bủa vây trăm bề, việc quan tâm đẩy mạnh hơn nữa các giải pháp kể cả những giải pháp xử lý mạnh mẽ nhằm răn đe cho lớp thanh thiếu niên tại vùng sâu vùng xa là cần thiết.","In Dak Lak, in 2021, there were about 1,000 cases of teenage pregnancy, which is a very high level. This shows that the reality of child marriage here is still quite complex. Difficulties surround on all sides, and it is necessary to pay attention to promoting solutions even more, including strong handling solutions to deter teenagers in remote and isolated areas.",00da632b06df5373c3b368072f1a901105b85b1c,train,pseudo_label,23.2
700c2276be5256e9ec877d2e813db44727c4b472,ccxCDE6UvmQ_7,train,https://huggingface.co/datasets/cuong06/Bahnar_Vietnamese/resolve/refs%2Fconvert%2Fparquet/default/train/0030.parquet,2040,ccxCDE6UvmQ_7.flac,True,26.11000061035156,yt_55,yt_55,ccxcde6uvmq,recording:ccxcde6uvmq,record_id_prefix,medium,tơ zơ̆n phô đăm thi trân đăk đoa abung đăk đoa đăm tơ năm tơ rŏng đi kơ jơt tơ rêng uei ri lơm chơnây chơnôm ây rêm pơngay roi lơ truh tơ drŏng đơ̆ng yă thiêu thị năm minh pơngay pơgơ̆r khŭl pơm chăng măt rơ̆ng yă thiêu thị năm tơ chĕng mây pha tơ rô đe rêm pơngay lê gươ̆ ti athây pơma gơ păng pơm gơ yu thay yă lêng adrin pơnhân lăng la pơar aba vă păt lô nơ̆r pơkăp pơm chăng kênh te ŭnh năm,"Tại Tổ dân phố 5, thị trấn Đak Đoa, huyện Đak Đoa, 5 năm qua, có thể khẳng định rằng: nơi nào có bà con sinh sống thì ở đó đều là thành công chung. Và những người nhắc nhiều đến thành quả ấy chính là các chị em phụ nữ. Bà Thiệu Thị Nam là một trong những người đứng đầu Ban Công tác Mặt trận khu phố. Bà Thiệu Thị Nam luôn tâm niệm muốn vận động được mỗi người thì bản thân mình phải nói được và làm được. Vì vậy, bà luôn cố gắng tìm tòi, nghiên cứu tài liệu để nắm bắt được pháp luật, cách thức sản xuất kinh tế gia đình...","At Residential Group 5, Dak Doa town, Dak Doa district, for the past 5 years, it can be affirmed that: wherever fellow citizens live, that is a common success. And the people who mention that achievement a lot are the women. Ms. Thieu Thi Nam is one of the heads of the neighborhood Front Working Committee. Ms. Thieu Thi Nam always keeps in mind that to mobilize each person, she herself must be able to speak and do. Therefore, she always tries to find and study documents to grasp the law, ways of family economic production...",8b3d12ccb833f4df13deca7abf961bc2d9438f3d,train,pseudo_label,26.112
1639eb999cb6fbb95b04619b6165095b5e719131,CIqTcY-n4DU_2,train,https://huggingface.co/datasets/cuong06/Bahnar_Vietnamese/resolve/refs%2Fconvert%2Fparquet/default/train/0026.parquet,1503,CIqTcY-n4DU_2.flac,True,8.899999618530273,yt_51,yt_51,ciqtcy-n4du,recording:ciqtcy-n4du,record_id_prefix,medium,nhưng năm về trước nhà văn hóa là cũng là dộp nam văn hóa cùng hơ răm mì con play ơ đây any hộp com,"Những năm về trước nhà văn hoá cũng dột nát, mưa bà con đến không có chỗ sinh hoạt.","In previous years, the cultural house was also dilapidated, and when it rained, the people had no place to carry out activities.",8d41f0b2d7168f24e7bdb971e0e97ae449e54f8f,train,pseudo_label,8.896
dea3164e1732c473972cf145d9b2851e76bb14f1,CuP5xL_ggXQ_6,train,https://huggingface.co/datasets/cuong06/Bahnar_Vietnamese/resolve/refs%2Fconvert%2Fparquet/default/train/0036.parquet,1360,CuP5xL_ggXQ_6.flac,True,16.959999084472656,yt_53,yt_53,cup5xl_ggxq,recording:cup5xl_ggxq,record_id_prefix,medium,lum tơ̆m sơnăm ădrol ki lui đe kĕchĕt găt tơdrong pơm chăng nâu pơthi keh tih tin lui đe pơm pơgơ̆r đương khul pơm lưng găt tơdrong chinh trị đương gđi tơ yung bơching khul tơpôl lưng rơgoh brăn kơ tăng lui đe gơh gay lưm pơm chăng nay kơ nau lui đe tơlech atŏk tơ yung lưng găng jơhngơm đon,"Trong những năm thực hiện để khẳng định vai trò của phong trào thi đua này có tác động rất lớn, làm cho tổ chức Hội hoàn thành tốt nhiệm vụ chính trị của mình, và xây dựng tổ chức Hội trong sạch vững mạnh, để hoàn thành xuất sắc nhiệm vụ. Ngoài những mục tiêu đã đề ra, chúng tôi tiếp tục nâng cao chất lượng,","In the years of implementation to affirm the role of this emulation movement, it has had a very large impact, making the Association organization complete its political tasks well, and building a clean and strong Association organization to excellently complete tasks. Besides the set goals, we continue to improve quality,",d9eec73447d1f2bae0a2780bc08f33ce810eecd9,train,pseudo_label,16.96
9ab7ca75b3545c3211e596151c39709b85c31ad5,CVHIrWp7Eow_10,train,https://huggingface.co/datasets/cuong06/Bahnar_Vietnamese/resolve/refs%2Fconvert%2Fparquet/default/train/0026.parquet,1562,CVHIrWp7Eow_10.flac,True,27.780000686645508,yt_49,yt_49,cvhirwp7eow,recording:cvhirwp7eow,record_id_prefix,medium,khŭl may oh kơdjŏng kơ phŭ lôi tơlĕch ăn khŭl tơring may oh pơnhiên lăng păng pơjing play yăk hơlâu 'noh loi păn kơ nao păng tơlĕch măng tơrô̆ pơjing ŭnh hnam đăm ưh pêng rơgoh păng rim kơ nao nao bơ̆n rim tơring đơ̆ng tơlĕch pơm kiơ̆ đon băt hlôh đơ̆ng may oh gah pơm kiơ̆ rim trŏng klŏng chênh săch nơ̆r pơkăp đơ̆ng teh đăng lê̆ roi tŏk kơ jung păng kăng bô̆ hôi win may oh kơdjŏng rin pơm kiơ̆ rim tơdrong pơthi măng grah wơ̆n păng pơm chang,"Hội Phụ nữ thành phố đã triển khai cho hội cơ sở khảo sát và xây dựng làng phụ nữ kiểu mẫu trên các tiêu chí và cùng với triển khai cuộc vận động xây dựng gia đình 5 không 3 sạch với những tiêu chí mới đối với các địa bàn. Qua triển khai thực hiện, nhận thức của chị em về chấp hành các chủ trương đường lối của Đảng, chính sách pháp luật của Nhà nước ngày càng nâng lên; cán bộ hội viên phụ nữ tích cực tham gia các phong trào thi đua, cuộc vận động và nhiệm vụ của Hội.","The City Women's Union has deployed for grassroots unions to survey and build model women's villages based on criteria and together with deploying the campaign to build a 5-no 3-clean family with new criteria for localities. Through implementation, the awareness of sisters about complying with the guidelines and lines of the Party, policies and laws of the State is increasingly raised; women's union officials and members actively participate in emulation movements, campaigns and tasks of the Union.",4b2af7f705eb15c16c73d42833f4c648e77beccc,train,pseudo_label,27.776
a50c42466c1c2af0a1346881615707ace6db5313,d2-fNk95qbE_53,train,https://huggingface.co/datasets/cuong06/Bahnar_Vietnamese/resolve/refs%2Fconvert%2Fparquet/default/train/0018.parquet,1475,d2-fNk95qbE_53.flac,True,24.290000915527344,yt_55,yt_55,d2-fnk95qbe,recording:d2-fnk95qbe,record_id_prefix,medium,păng kơ chă thu trăch gió kơ chung đơ̆ng đăm trung chit klas rêng thị trường hợp tác sa vì viêr kinh tế uy nam cho chăng để thuốc hoát đơ̆ng chuyên au com vang từ gồm pơ chình kơ chă tâm mam trăm cho chăng để loi mình tuy păng long trước kiệm may hạnh lăng sa dano ani păng tich từ gồm vạn còn play pơm kiệm kị thuật chui doc pơm chăng,"Với giá thu mua nông sản cao hơn từ 5 - 10% thị trường, HTX đảm bảo thu nhập cho các nông hộ tham gia chuỗi liên kết. Nguồn vốn hỗ trợ chi phí xây dựng dự án chuỗi giá trị sản phẩm nông nghiệp hơn 1 tỷ đồng chính là đòn bẩy để chị Hạnh mở rộng mô hình luân canh các giống rau nhập khẩu mới, hỗ trợ để bà con tuân thủ quy trình kỹ thuật, áp dụng tiêu chuẩn an toàn trong canh tác.","With agricultural product purchase prices 5 - 10% higher than the market, the cooperative ensures income for households participating in the linkage chain. Capital supporting costs for building agricultural product value chain projects of more than 1 billion VND is the lever for Ms. Hanh to expand the model of rotating new imported vegetable varieties, supporting people to comply with technical processes, applying safety standards in cultivation.",9edcbbad473967c10545d6cc34ae9c4cc9ac484c,train,pseudo_label,24.288
dd31ba751d0d4fb5bda51bfde17906592886c4cc,dcYlHXaH9cg_7,train,https://huggingface.co/datasets/cuong06/Bahnar_Vietnamese/resolve/refs%2Fconvert%2Fparquet/default/train/0041.parquet,1487,dcYlHXaH9cg_7.flac,True,21.219999313354492,yt_51,yt_51,dcylhxah9cg,recording:dcylhxah9cg,record_id_prefix,medium,lơ̆m kơ blah pơnhiên lăng pơnăn sa bơngay pơhnăr nhôn uy trô uyh namay đing thi yŭng uy bơ̆t plêi đap sah kông lơ̆ng khơ̆ng apŭm kơ băng wă pơnhiên lăng tơdrong pay sơdrô ge kiak may yŭng pay sơdrô ge lêy buih keh kăl tih hloh păng buih yua kăn plêi pơm kơdi lui pơm jing tơdrong phara,"Đến gia đình chị Đinh Thị Dung, ở làng Đăk, xã Kông Long Khóng, huyện Kbang để tìm hiểu về bí quyết làm rượu cần truyền thống, chúng tôi được hướng dẫn để nấu được một ghè rượu cần ngon thì men rượu là quan trọng nhất, và men thủ công do bà con làm chính là bí quyết tạo nên sự khác biệt.","Coming to the family of Ms. Dinh Thi Dung, in Dak village, Kong Long Khong commune, Kbang district, to learn about the secret of making traditional can wine, we were guided that to cook a delicious jar of can wine, the yeast is the most important, and the handmade yeast made by the villagers is the secret that creates the difference.",079ba8ce9f7e0bf8f0002900c28a1017a1d52b3b,train,pseudo_label,21.216
9839685d96a14c549345e79f5a5f3ae9d68a3d4a,DNYHL3hXXAQ_16,train,https://huggingface.co/datasets/cuong06/Bahnar_Vietnamese/resolve/refs%2Fconvert%2Fparquet/default/train/0014.parquet,13,DNYHL3hXXAQ_16.flac,True,6.590000152587891,yt_55,yt_55,dnyhl3hxxaq,recording:dnyhl3hxxaq,record_id_prefix,medium,păchnhŏ ăl kơ jăp lơm kơ nau tơ yŭt tơ nuh păng atŏng păng đêp buh ntơ nuh bơ̆t ntrêng,Góp phần thực hiện mục tiêu giảm nghèo và nâng cao chất lượng cuộc sống của người dân trên địa bàn huyện.,Contributing to the implementation of the goal of poverty reduction and improving the quality of life of the people in the district.,049c2a4c4d6cd367a31ea3a2bfb07024e2318d2c,train,pseudo_label,6.592
8c97a4826d56fff83be372a081fb78de8af86802,dweznqnjUM0_7,train,https://huggingface.co/datasets/cuong06/Bahnar_Vietnamese/resolve/refs%2Fconvert%2Fparquet/default/train/0018.parquet,1717,dweznqnjUM0_7.flac,True,7.579999923706055,yt_24,yt_24,dweznqnjum0,recording:dweznqnjum0,record_id_prefix,medium,oh bôh tuh hơk yol kơ tih păng lui tơ pa oh kơ đây tơ lĕch lơ hơwel ăn kơ pơ tơ̆ng la kô atrin cha pơsrăm,"Khi em nhận được danh hiệu Cháu ngoan Bác Hồ, em cảm thấy đó là vinh dự cùng tự hào. Em sẽ đặt ra mục tiêu cho bản thân cố gắng học tập và có thể tiếp tục nhận được danh hiệu này nữa.","When I received the title of Uncle Ho's Good Grandchild, I felt it was an honor and pride. I will set a goal for myself to try to study and be able to continue to receive this title again.",ceeba7025ce2a044db01cbc4dacbaf9ae8510ca1,train,pseudo_label,7.584
722c7acd9b57d96c8b085ae16b98e1dd383c0ee4,DX2qxS2AYOg_28,train,https://huggingface.co/datasets/cuong06/Bahnar_Vietnamese/resolve/refs%2Fconvert%2Fparquet/default/train/0026.parquet,1967,DX2qxS2AYOg_28.flac,True,25.219999313354492,yt_55,yt_55,dx2qxs2ayog,recording:dx2qxs2ayog,record_id_prefix,medium,nhôn lêng lang pơchao khul jang yul tơ̆ trêng chă pơnhĕng lang tơtrong trây păng bơ̆t kơ chơ̆t ăn trêng tơtrong nhôn rơi yŏk trêm tơtrong băt tră-đa lên nhôn pơkơrơ ăn nhŏng o năm trơ lăng păng pơnhĕng lăng kơ wăr trêng đơ̆ng no kơ chơ̆t trêm trêng tơm trêm trêng bunh ko jăl long bri wă đây tơtrong wênh lăng rơng bri lơ̆ng hlo,"Chúng tôi bố trí lực lượng nắm địa bàn, tìm hiểu thông tin khi xác định có thông tin, chúng tôi sàng lọc những thông tin, khi có những thông tin xác đáng thì chúng tôi tổ chức cho anh em đi tuần tra, kiểm tra và khoanh vùng, từ đó xác định được những khu vực trọng điểm, những khu vực dễ xảy ra vi phạm để có phương án bảo vệ rừng được tốt hơn.","We arrange forces to grasp the area, find out information when determining there is information, we filter the information, when there is accurate information, we organize the brothers to go on patrol, check and zone, from there determine key areas, areas prone to violations to have better forest protection plans.",b046126cc567c90355dc8de6e4a6e8bac052ee54,train,pseudo_label,25.216
c5d06fb101c228460b3870638ecc27daa60f4d5a,eB1IiY6prpk_32,train,https://huggingface.co/datasets/cuong06/Bahnar_Vietnamese/resolve/refs%2Fconvert%2Fparquet/default/train/0018.parquet,1906,eB1IiY6prpk_32.flac,True,13.65999984741211,yt_55,yt_55,eb1iiy6prpk,recording:eb1iiy6prpk,record_id_prefix,medium,mă khan kră ưh kơ pă chăng prăn inh uy adrin lăng git păng khu lu hơmuh mŏng pơhrăm păng tôn păng đe ching chêng soang yoa yah wê wêr văn hoa nâu lê gô hươi hanh ló,"Rất nhiều thay đổi trong cách thức tổ chức, truyền dạy, truyền lửa đam mê âm nhạc, văn hóa truyền thống cho lớp trẻ tại các buôn làng tỉnh Gia Lai hiện nay. Thay vì trình diễn cồng chiêng trên sân khấu, mới đây Ngày hội văn hóa các dân tộc thiểu số tỉnh Gia Lai năm 2024 được tổ chức trong một không gian thiên nhiên, gần gũi... Và khi đến tham gia ngày hội, các đội cồng chiêng, múa xoang ở các buôn làng đã được thỏa sức trình diễn, sáng tạo, nối tiếp nhịp cồng chiêng truyền thống của dân tộc mình.","There are many changes in the way of organizing, teaching, and passing on the passion for music and traditional culture to the young generation in hamlets and villages in Gia Lai province today. Instead of performing gongs on stage, recently the 2024 Gia Lai province ethnic minority cultural festival was organized in a natural, close space... And when coming to participate in the festival, gong and xoang dance teams in hamlets and villages were free to perform, create, and continue the traditional gong rhythm of their nation.",41263261bd560dda3c9609f66600d5b7e6b77020,train,pseudo_label,13.664
1ae755949c4000076f6c6e557032b964df8ff174,eDq8aYzNkq8_5,train,https://huggingface.co/datasets/cuong06/Bahnar_Vietnamese/resolve/refs%2Fconvert%2Fparquet/default/train/0018.parquet,1938,eDq8aYzNkq8_5.flac,True,20.3799991607666,yt_55,yt_55,edq8ayznkq8,recording:edq8ayznkq8,record_id_prefix,medium,jơnôm jao kê kêt kăl bơ̆t nhôn mbu đê băt păng chư nâu băt luh gah tơdrong adricon kuông pơm kiơ̆ rơm pơm lê chơ̆t kê yah ưh pơtho păng lăp tum sơn hăm tương đê buh khŭl hơmuh hơmŏng đê băt đŏk pơm kiơ̆ pơm lê chơ̆t kê nhôn mêh phả đê pơtho lơp hơmuh wê lăng tơdrong adricon kuông ưh hiŏng-tŏng,"Chữ Nôm Dao rất quan trọng đối với chúng tôi, ai biết được chữ này sẽ hiểu được về cội nguồn dân tộc, thực hiện được các nghi lễ truyền thống. Nếu không dạy, chỉ vài năm nữa thôi lớp trẻ sẽ không còn ai biết đọc, thực hiện nghi lễ truyền thống. Chúng tôi muốn dạy cho lớp trẻ để giữ lại bản sắc dân tộc, không cho mai một.","Nom Dao script is very important to us; whoever knows this script will understand the roots of the nation and perform traditional rituals. If we do not teach, in just a few more years, the younger generation will no longer know how to read or perform traditional rituals. We want to teach the younger generation to preserve the national identity, not to let it fade away.",b573a8606ef58be79691aa574bed14ba63b87945,train,pseudo_label,20.384
bd32ebc4c80f476ae4a8489390c1555668c36e82,eF3KVZXCIrI_4,train,https://huggingface.co/datasets/cuong06/Bahnar_Vietnamese/resolve/refs%2Fconvert%2Fparquet/default/train/0018.parquet,1966,eF3KVZXCIrI_4.flac,True,8.800000190734863,yt_55,yt_55,ef3kvzxciri,recording:ef3kvzxciri,record_id_prefix,medium,được nó đi cơ cuh pơm chăng păng đêm pơm chăng hơi thời nó tơ go păng chơphinh kiện cơ kit găl lâm bình phai tơ trong pơm chăng,"Qua đó, các em được tham gia vào những hoạt động trải nghiệm thực tế, góp phần tạo nên một không gian sáng tạo và đầy cảm xúc cho mỗi tác phẩm.","Thereby, the children are able to participate in practical experiential activities, contributing to creating a creative and emotional space for each work.",0510814a76772ac8f61f7663d0db5ea819b00800,train,pseudo_label,8.8
9108e664c49b30cb20286a3bfec969b7a362882a,EPH_02_006,train,https://huggingface.co/datasets/cuong06/Bahnar_Vietnamese/resolve/refs%2Fconvert%2Fparquet/default/train/0000.parquet,1154,EPH_02_006.flac,True,10.59000015258789,KT_0,KT_0,eph_02,recording:eph_02,record_id_prefix,medium,"Păng bơ̆n kư̆m dang 'Bok Kei-Dei atŏk tơ plĕnh hơdai hăm Yêsu Krist boih. Păng dang bơ̆n oei hơdai hăm Sư tơ plĕnh, yua kơ bơ̆n pôm đon pơgơ̆p hơdai hăm Yêsu Krist.","Trong Chúa Cứu Thế, Đức Chúa Trời cất bổng chúng ta lên cao, cho chúng ta cùng ngồi với Chúa Cứu Thế trên ngai trời.","In Christ, God exalted us and seated us with Him in the heavenly places.",2f5673680ba3bfadefced5ad3abd7049e00ecf0b,train,pseudo_label,10.5949375
c319a75384e89d07348ef9fd69274cbfd1042c16,eSXdGqC9UOQ_5,train,https://huggingface.co/datasets/cuong06/Bahnar_Vietnamese/resolve/refs%2Fconvert%2Fparquet/default/train/0041.parquet,1995,eSXdGqC9UOQ_5.flac,True,26.530000686645508,yt_53,yt_53,esxdgqc9uoq,recording:esxdgqc9uoq,record_id_prefix,medium,rŏng vòng lê không hlơ đê buônh xoăng păng buônh pơkơ̆r nó không hlơ đê hơi đoài lơ gập bơng hai không hlơ đê meh vă xoăng ngôi xoăng rŏng vòng nâu không hlơ đê tôi buônh ăn kơ tơ drong tôi gŭm ăn kơ nạ chơt rim gơ̆ măng hơpong tơ vê tơ che băng băl tơ buôl con plê đơ̆ng rŏng nó không hlơ đê lăng gĭt gah con bơng hai tơ lê tôi buônh ăn băl păng lê̆ pơ sư hơi tơ lượng chơnơ rơi,"Rom vong rất dễ múa và dễ tổ chức. Điệu múa này được đông đảo bà con yêu thích, từ thành thị đến nông thôn. Bởi khi múa Rom vong người ta được thư giãn và giúp giải tỏa mọi mệt nhọc trong lao động. Đặc biệt, động tác tay cong búp lên, vuốt xuống thể hiện sự đoàn kết, thân thiện, yêu thương trong cộng đồng. Đồng thời là quan niệm về vòng đời của con người, là sự trao truyền, duy trì nòi giống để luôn được trường tồn trong cuộc sống.","Rom vong is very easy to dance and easy to organize. This dance is loved by many people, from urban to rural areas. Because when dancing Rom vong, people are relaxed and it helps to relieve all fatigue in labor. Especially, the hand movements of curving up and stroking down express solidarity, friendliness, and love in the community. At the same time, it is a concept about the human life cycle, which is the transmission and maintenance of the lineage to always be eternal in life.",dd6b67efb40d16b34899caa40875472fa2214b1c,train,pseudo_label,26.528
8cb15c8952f97ed1695fdfc0e994680e5de822a1,eVSGRfngPKU_0,train,https://huggingface.co/datasets/cuong06/Bahnar_Vietnamese/resolve/refs%2Fconvert%2Fparquet/default/train/0041.parquet,2012,eVSGRfngPKU_0.flac,True,5.5,yt_49,yt_49,evsgrfngpku,recording:evsgrfngpku,record_id_prefix,medium,kơ kuh kon play păng nay pôl krao apơi kon play păng nay pôl lăng nhôn troi tơ bôh nơ̆r bơnar lơm đoi truy hinh vietnam,Kính chào quý vị và các bạn! Mời quý vị và các bạn theo dõi Chương trình tiếng Ba Na của Đài Truyền hình Việt Nam.,Greetings to the ladies and gentlemen! We invite you to follow the Ba Na language program of Vietnam Television.,27e6082a6bfdef29ec3220e76304e8297328cd20,train,pseudo_label,5.504
6b1256c497f05034cd946bb80d0a8bad915c09c5,EWHlVngpUJE_7,train,https://huggingface.co/datasets/cuong06/Bahnar_Vietnamese/resolve/refs%2Fconvert%2Fparquet/default/train/0036.parquet,1967,EWHlVngpUJE_7.flac,True,9.149999618530272,yt_53,yt_53,ewhlvngpuje,recording:ewhlvngpuje,record_id_prefix,medium,nơi đây rơi dư pơ clas rêng bằng tăng động nó cũng lươi để tru đăng clas rêng y học cô truyền lươi để hăm miết mi lần atop tơ yung gần chưa ngâm bran,"Với phương pháp nhĩ châm, có trên 67% người cai thuốc lá đạt mức độ tốt và 5% đạt mức khá. Y học cổ truyền giúp cai thuốc lá nâng cao sức khỏe cơ thể.","With the ear acupuncture method, over 67% of people quitting smoking achieved a good level and 5% achieved a fairly good level. Traditional medicine helps quit smoking to improve body health.",b95c9a8899f2de78a3a2f68581163944ea240be6,train,pseudo_label,9.152
4943a37144c47cfc05355a61761b4197b96e8689,faO3KnI3Qxc_17,train,https://huggingface.co/datasets/cuong06/Bahnar_Vietnamese/resolve/refs%2Fconvert%2Fparquet/default/train/0019.parquet,320,faO3KnI3Qxc_17.flac,True,23.040000915527344,yt_55,yt_55,fao3kni3qxc,recording:fao3kni3qxc,record_id_prefix,medium,tơdrong pơm chăng nâu đe tơlech pơm kư̆ uih ban nhinh yơ̆n sah truh păng đêm unh hnam tơdro păng đe tơlech tơdrong pơm chăng ruih hloh đim păng unh hnam đe tơdrong pơm tơmham trăm pơjing đe kư̆ sơkơ̆t păng yŏk tơmham trăm đơ̆ng nhŏ đe mơ̆t pơm chăng nhôn đe tơtinh păng yô̆ yŏk jên păng đe kon plê pơdrêu jên păng tim tăng la anih mơ tro đe pơjing,"Giải pháp này được UBND xã triển khai đến từng hộ, vận động và đưa ra phương án để các hộ xây dựng nhà sớm nhất, bảo đảm tiến độ. Các hộ dân sẽ liên hệ với chủ bán vật liệu xây dựng, được cam kết cho lấy trước nguyên vật liệu, để kịp khởi công xây dựng. Sau khi khởi công, chúng tôi thanh toán và tạm ứng tiền giúp các hộ trả tiền cho chủ thầu xây dựng một cách thuận lợi.","This solution was implemented by the Commune People's Committee to each household, mobilizing and offering plans for households to build houses as soon as possible, ensuring progress. Households will contact construction material sellers, and are committed to being allowed to take materials first, to be in time to start construction. After starting construction, we pay and advance money to help households pay the construction contractor conveniently.",3b74297f574a52234df18a51c280df79f139f949,train,pseudo_label,23.04
01a87a3c3bc5b5696b9d76300586fe8a2ae23d7d,fSvC_VdYw5U_5,train,https://huggingface.co/datasets/cuong06/Bahnar_Vietnamese/resolve/refs%2Fconvert%2Fparquet/default/train/0019.parquet,267,fSvC_VdYw5U_5.flac,True,20.260000228881836,yt_49,yt_49,fsvc_vdyw5u,recording:fsvc_vdyw5u,record_id_prefix,medium,bŏk mung minh cựu chiến binh mạ khan sơ năm lŏ kră chương ngâm rơdu sơ mạ bŏk kia đin jăng sa yoa yŏk chơnây ư cư sĩ pơm kinh tế hơgây cựu chiến binh mung way liêng yak hơlâu lươm điêm thời tròn adin rơth bush wă thư gum hội viên adak kinh tế bọc amin răng hơta gơ hơgây và adim pơngay học phương pơm kiến,"Ông Mung là cựu chiến binh, dù tuổi cao sức yếu nhưng ông rất chăm chỉ làm ăn đạt hiệu quả. Không chỉ làm kinh tế giỏi, cựu chiến binh Mung còn luôn đi đầu trong các phong trào, tích cực chia sẻ kinh nghiệm để giúp hội viên phát triển kinh tế. Ông là tấm gương tiêu biểu để mọi người học tập, noi theo...","Mr. Mung is a veteran, although his age is high and his health is weak, he is very diligent in working effectively. Not only doing good economy, veteran Mung is also always at the forefront of movements, actively sharing experiences to help members develop the economy. He is a typical example for everyone to learn and follow...",6de0e3e946d74f8369cbbecc9695d206e6af623c,train,pseudo_label,20.256
d9bbb57225521add8b11501db7712aec62301c09,FXC2PF48aJ4_4,train,https://huggingface.co/datasets/cuong06/Bahnar_Vietnamese/resolve/refs%2Fconvert%2Fparquet/default/train/0027.parquet,454,FXC2PF48aJ4_4.flac,True,26.209999084472656,yt_45,yt_45,fxc2pf48aj4,recording:fxc2pf48aj4,record_id_prefix,medium,khul me ba rong kon 'lơ̆ng tuh chi bơtoi pha pơm 'lơ̆ng chơ trong săng cha chia pơga tuk lê̆ khuơ kơ toi sơ kia săng pa 'lơ̆ng pa tro tơ tơ̆ng yu sar par kơ đê hơyo lơ̆m đăm sơnam tơ̆ng yăk tơ ring hương hua tư đê pơ khul pêng rêng nu cha mŭt lơ̆m khul tôm tơ̆ng đơ̆ng ô me ba tuh săng cha phao kơ tơ tơ̆ng rong kon pơtho păng đê hơyo thoi yơ tơ đê kon plơ̆ hơ̆ng kon kôn kăn hăp tuh săng phao tơ chĕng hơ̆p li pơ tên păng adroi sơ,"Nhóm này là mô hình sinh hoạt giúp các bậc cha mẹ được tiếp cận kiến thức chăm sóc nuôi dạy, chăm sóc sức khỏe. Đồng thời loại bỏ các hủ tục, thực hiện ngăn ngừa các nguy cơ tai nạn thương tích cho trẻ em. Sau 5 năm triển khai thực hiện, tại huyện Hướng Hóa đã có 7 nhóm với gần 300 thành viên tham gia. Những người cha mẹ, nhất là đồng bào dân tộc thiểu số đã thay đổi được ý thức, thói quen không tốt trước đây.","This group is a living model that helps parents access knowledge about care, upbringing, and health care. At the same time, it eliminates backward customs and implements the prevention of risks of accidents and injuries for children. After 5 years of implementation, in Huong Hoa district, there are 7 groups with nearly 300 participating members. Parents, especially ethnic minorities, have changed their awareness and bad habits from before.",03e83c2a063d4a911f414020aee224e2c268ec08,train,pseudo_label,26.208
36eec2812b4193531139c8ddb4816513a7d8686e,gRo6GJioMO0_0,train,https://huggingface.co/datasets/cuong06/Bahnar_Vietnamese/resolve/refs%2Fconvert%2Fparquet/default/train/0042.parquet,566,gRo6GJioMO0_0.flac,True,10.050000190734863,yt_53,yt_53,gro6gjiomo0,recording:gro6gjiomo0,record_id_prefix,medium,pơli tơ drom jang gọt teh cổ đạm bơ̆t được sah cổ đạm nghi xuân bơ̆t được char hà tính các tơ dong pơm jang gọt teh,"Thưa quý vị và các bạn! Làng nghề truyền thống nồi đất Cổ Đạm, xã Cổ Đạm, huyện Nghi Xuân, tỉnh Hà Tĩnh.","Ladies and gentlemen! The traditional pottery craft village of Co Dam, Co Dam commune, Nghi Xuan district, Ha Tinh province.",92b32ee889a55606b105b0b83d4d6bd6b858f126,train,pseudo_label,10.048
c447ac79069b24e95195bb7e93aad314421e6322,GutvozuM9OE_8,train,https://huggingface.co/datasets/cuong06/Bahnar_Vietnamese/resolve/refs%2Fconvert%2Fparquet/default/train/0049.parquet,2197,GutvozuM9OE_8.flac,True,21.86000061035156,yt_33,yt_33,gutvozum9oe,recording:gutvozum9oe,record_id_prefix,medium,kia kơ khôi pơm lêh đơi chăt tơ nhăk tơ đê kon plêh drung hơdang pơma atŭm pơngay hơlăng pơma phak kơ ti năr êt atŏk hnam rông nau dui ji năr pơm lêh kăl păng tơdrong arih đê kon plê tơ guat păng ôm ay hnam rông noh dui ji tơdrong wăn kơ cha pơtih kơ tơdrong arih tơ đê kon plê tơdrong cha mŭt minh đon,"Trong hệ thống lễ hội dân gian của cộng đồng người Xơ Đăng nói chung và nhóm Hà Lăng nói riêng, Lễ Mừng nhà Rông mới là lễ hội rất quan trọng đối với đời sống của cộng đồng; gắn liền với hình ảnh ngôi nhà Rông, là biểu tượng sức sống của làng, tinh thần đoàn kết của cộng đồng.","In the system of folk festivals of the Xo Dang community in general and the Ha Lang group in particular, the New Rong House Celebration Ceremony is a very important festival for the life of the community; associated with the image of the Rong house, it is a symbol of the vitality of the village and the spirit of solidarity of the community.",973ffe68e1661c1eff5e445359ca61c0795f8f94,train,pseudo_label,21.856
c3ed2967a072d0dd9923b0f885bc48981ade4ce4,GwAjFSGxL28_12,train,https://huggingface.co/datasets/cuong06/Bahnar_Vietnamese/resolve/refs%2Fconvert%2Fparquet/default/train/0027.parquet,1001,GwAjFSGxL28_12.flac,True,6.079999923706055,yt_52,yt_52,gwajfsgxl28,recording:gwajfsgxl28,record_id_prefix,medium,hơi ơ tơ bơ̆ rơmơ lâm ơ pŭng đăng bơ khlui tŏc truh wă che ji trâu hơpơ tŏ kŏn,"Hiện tại, đàn bò của huyện Đak Pơ đã lên đến gần 16.000 con, tỷ lệ bò lai chiếm trên 85,5%.","Currently, the cattle herd of Dak Po district has reached nearly 16,000 heads, the rate of crossbred cattle accounts for over 85.5%.",6fe023d09cf74a28dd544458a58dd5e797edb391,train,pseudo_label,6.08
155b07c957f8ecf9e9424c97b1a8a7a6748fd1f4,H-QVU5LeZVU_2,train,https://huggingface.co/datasets/cuong06/Bahnar_Vietnamese/resolve/refs%2Fconvert%2Fparquet/default/train/0027.parquet,1007,H-QVU5LeZVU_2.flac,True,6.050000190734863,yt_51,yt_51,h-qvu5lezvu,recording:h-qvu5lezvu,record_id_prefix,medium,inh keh hưch hanh bơ̆t nguang tơgŏ biơ̆ phe ăn uênh hnam tơnuh nâu tơdrong keh lơ̆ng rŏ,"Rất tự hào, vui và hạnh phúc khi có một chút đóng góp cho các hộ nghèo.","Very proud, happy and joyful when having a small contribution for poor households.",ff18a2d69c5f6f918d7324b437d3a7f953605cc0,train,pseudo_label,6.048
6367ba1245133c6170dfbc1467d53fcb9b494799,HasIhRrA76c_0,train,https://huggingface.co/datasets/cuong06/Bahnar_Vietnamese/resolve/refs%2Fconvert%2Fparquet/default/train/0014.parquet,1478,HasIhRrA76c_0.flac,True,29.440000534057617,yt_3,yt_3,hasihrra76c,recording:hasihrra76c,record_id_prefix,medium,kon tơdring păng tôm pôl rơm păng tơdrag char koang ngay tu săng tơnhăk sinh jên đar măng tơdrong pơchang cha chih pơnhen năng la par ka te săr tơ̆ng đăng munh khay sinh trunh đăng pênh jơ̆ng kơ mi jên munh sơnam bar pô ba jơ̆ng đăm kia trong tơdrong pơchang chih tôm tro pơnhen năng la par ka te săr tôm tơdrong pơchang o tơnhak rơm a tum kia kơ trong ba tal pơgơ̆r wa pơm lơ̆ng tơdrong pơchang thoi noh tơh đê kon tơdring,"Cùng với cả nước, Quảng Ngãi đang quyết liệt triển khai Chiến dịch 90 ngày làm giàu, làm sạch cơ sở dữ liệu đất đai, từ ngày 1/9 đến ngày 30/11/2025.","Together with the whole country, Quang Ngai is drastically implementing the 90-day campaign to enrich and clean the land database, from September 1 to November 30, 2025.",2f9df3b404c45f01df919717fcf12128fcc1aa42,train,pseudo_label,29.44
b03fc73bd2daf1487c2f43069f446ce46f365d47,HbKnkrc_S1o_0,train,https://huggingface.co/datasets/cuong06/Bahnar_Vietnamese/resolve/refs%2Fconvert%2Fparquet/default/train/0014.parquet,1487,HbKnkrc_S1o_0.flac,True,27.229999542236328,yt_55,yt_55,hbknkrc_s1o,recording:hbknkrc_s1o,record_id_prefix,medium,ơ kon plê păng đe bôl thăch hai tơ ring bol đă kơ sih ư kơ sih mă jơnơ arih păng thŏng năn je ba jăng măng đương tum kon plê rup ka hơdăng bơ̆t măt năr tam hơda rim thŏng năn lui đei bih păng ka hơdăng je ba đă kơ sih păng hư jơhănh pơm jăng rim năr đe jơnơ arih roi tơ bôh jơphin đương minh pơlê tơ bŏk otŏk văn hua jet juê đơ̆ng kon plê rup ka hơdăng bơ̆t bol đă kơ sih,"Thạch Hải - Miền biển hoang sơ nhưng tràn đầy sức sống, khí trời còn chưa sáng rõ, những đoàn thuyền đã trở về với khoang đầy tôm cá, mang theo hơi thở của biển cả và niềm vui lao động. Mỗi ngày mới bắt đầu với nhịp sống hối hả, nhưng bình dị, phản chiếu vẻ đẹp của một vùng quê ven biển đang vươn mình phát triển, giữ trọn nét văn hóa truyền thống của những ngư dân bám biển.","Thach Hai - A pristine yet vibrant coastal region, the air is not yet bright, fleets of boats have returned with holds full of shrimp and fish, carrying the breath of the ocean and the joy of labor. Each new day begins with a bustling yet simple rhythm of life, reflecting the beauty of a coastal countryside that is rising to develop, preserving the traditional culture of fishermen who cling to the sea.",7b36056adb17b1e952f70b9bdc673db25926ad7f,train,pseudo_label,27.232
d6b8dd25c5a2acfb699a3f38c688009d91685d62,HHzSgXpDDVY_7,train,https://huggingface.co/datasets/cuong06/Bahnar_Vietnamese/resolve/refs%2Fconvert%2Fparquet/default/train/0014.parquet,1396,HHzSgXpDDVY_7.flac,True,13.020000457763672,yt_55,yt_55,hhzsgxpddvy,recording:hhzsgxpddvy,record_id_prefix,medium,lơ yŏng rơmo lơ̆ng thoi kơ yê bô ăn gut drômatic charô lay braman babe đây mươ̆t pơwir lui phang thương atok rơmo lơm trêng,"Nhiều giống bò chất lượng cao như Zebu, Angus, Droughtmaster, Charolais, Brahman, 3B được đưa vào lai tạo đã góp phần nâng cao chất lượng đàn bò địa phương.","Many high-quality cattle breeds such as Zebu, Angus, Droughtmaster, Charolais, Brahman, and 3B have been introduced for crossbreeding, contributing to improving the quality of the local cattle herd.",e194292d6a78fd33ebc999a2a10ea86980bda9ef,train,pseudo_label,13.024
3ba6a938e8b3ab4a2cc2221fb18da06f52777079,hK9fOBihjnk_9,train,https://huggingface.co/datasets/cuong06/Bahnar_Vietnamese/resolve/refs%2Fconvert%2Fparquet/default/train/0042.parquet,953,hK9fOBihjnk_9.flac,True,25.760000228881836,yt_53,yt_53,hk9fobihjnk,recording:hk9fobihjnk,record_id_prefix,medium,kia kơ rơi tao bus gah chuyên gia ka tơ rơm chị kơ wit yên sinh joa kơ tao bók et hơt nâu kung lê a thê dơh gah bơ̆r âu ưh kơ et hơt păng bơm kia ka tơ rơm tang găn chị kơ wit yên sinh bao vê lăng yên ngâm răn kơ dih păng bơngai chum tăr a thay trao 1806 66 va đây rơi tao bus anh et hơt,"Theo khuyến cáo của các chuyên gia, trong tình hình dịch Covid-19 đang diễn biến phức tạp, người đang hút thuốc lá nên dừng lại, người đã bỏ thuốc lá thì không hút trở lại và tuân thủ các hướng dẫn để phòng chống dịch Covid-19; vì sức khỏe của bản thân và những người xung quanh.","According to the recommendations of experts, in the situation where the Covid-19 epidemic is developing complicatedly, people who are smoking should stop, people who have quit smoking should not smoke again and comply with the guidelines to prevent the Covid-19 epidemic; for the health of themselves and those around them.",d82d8523ba6d633578205148853f2deacae5fd85,train,pseudo_label,25.76
a547f4aafce924a5fcd2ac4b86c325606b073d43,hKv_gAaW1z0_12,train,https://huggingface.co/datasets/cuong06/Bahnar_Vietnamese/resolve/refs%2Fconvert%2Fparquet/default/train/0019.parquet,768,hKv_gAaW1z0_12.flac,True,15.970000267028809,yt_55,yt_55,hkv_gaaw1z0,recording:hkv_gaaw1z0,record_id_prefix,medium,tơtrong pơm jăng đơ̆ng tô nơ sim tơngay gô hơdây tơ̆ngoăt pơm tơlăch sim tơmăm trăm juăt njue đi tơmăm trăm kơ ta păng sim tơmăm trăm thô yok đơ̆ng bri sah atok kêng tê̆ đi chơhngơ̆m đon păng băl lơ̆m chơnơr ari,"Phương châm hoạt động của tổ là các thành viên sẽ cùng nhau liên kết sản xuất các sản phẩm truyền thống có nguyên liệu tại chỗ và sản vật tận thu từ đặc sản rừng để phát triển kinh tế, cộng đồng trách nhiệm với nhau trong cuộc sống.",The operating motto of the group is that members will link together to produce traditional products with local raw materials and products harvested from forest specialties to develop the economy and share responsibility with each other in life.,e71640c48d788a0fab39e731a813b3821bab361a,train,pseudo_label,15.968
55d78de40a2d6df7604542c19fa79c9d6db80825,HP6TjPiCE0I_11,train,https://huggingface.co/datasets/cuong06/Bahnar_Vietnamese/resolve/refs%2Fconvert%2Fparquet/default/train/0027.parquet,1301,HP6TjPiCE0I_11.flac,True,22.459999084472656,yt_45,yt_45,hp6tjpice0i,recording:hp6tjpice0i,record_id_prefix,medium,kăn hau bơ̆n rŏng tĕch kiơ kơ pơyan đê pơyan tuh kơ chung đê pơyan tuh hơnâng tiong tơdrong cha rŏng kăn âu tuh chrơm tơnap tư ma loi pơyan đak tư lơminh sơnam thoi noh bơ̆n tuh bilê đê săr bar lay jơ lơm tơdrong cha rŏng bơ̆n tuh tŏ đŏn tơ pơyan đak tư tuh pha,"Nuôi hàu giá cả theo mùa, mùa đông thì giá cao, nước im thì theo giá của nó. Bình thường nuôi con hàu cũng kiếm ăn được, còn gặp lũ lụt thì hết luôn. Nếu gặp mưa lũ lớn là có thể ra đi hết, mình không biết trước thiên tai xảy ra lúc nào.","Farming oysters has prices according to the season, in winter the price is high, when the water is calm, it follows its price. Normally, farming oysters can also earn a living, but if encountering floods, it is all gone. If encountering heavy rain and floods, it can all be gone, we do not know when natural disasters will happen.",5570ad4e84186e2a9cf5a830d5a596b24aea42dc,train,pseudo_label,22.464
7fe44514b72ca73f83439167ec4f383ffbf53310,HQnhxB3G2fg_1,train,https://huggingface.co/datasets/cuong06/Bahnar_Vietnamese/resolve/refs%2Fconvert%2Fparquet/default/train/0014.parquet,1430,HQnhxB3G2fg_1.flac,True,18.399999618530273,yt_55,yt_55,hqnhxb3g2fg,recording:hqnhxb3g2fg,record_id_prefix,medium,mai pánh đây tâp lih tách mơ tro đây ư gượng đây thu yok dang bar chit triệu đơng jên pươm chang păng uy lơ păng đây tách cheng păng để kia chất păng nộp trên bảo hiểm xã hội bước gó đim khei inh taclas và nộp trên bảo hiểm và đây jên hưu,"Chị Panh chuyển sang kinh doanh dược phẩm không lâu. Mỗi tháng có thu nhập khoảng 20 triệu đồng, trừ đi các khoản sinh hoạt, chẳng còn lại nhiều. Dù phân vân nhưng chị vẫn quyết định tiếp tục đóng bảo hiểm xã hội bắt buộc. Hàng tháng, mình trích ra đóng bảo hiểm để sau này có tiền hưu.","Ms. Panh switched to pharmaceutical business not long ago. Each month she has an income of about 20 million VND, after deducting living expenses, not much remains. Although hesitant, she still decided to continue paying mandatory social insurance. Every month, I deduct money to pay for insurance so that later I will have retirement money.",35abc5a5b5336786ebb5904a039a85220ce5c1f3,train,pseudo_label,18.4
e40698a1048fd47bdd0ce1e540ce0ecaacd73fd0,HRqxSClB97U_1,train,https://huggingface.co/datasets/cuong06/Bahnar_Vietnamese/resolve/refs%2Fconvert%2Fparquet/default/train/0014.parquet,1433,HRqxSClB97U_1.flac,True,12.479999542236328,yt_55,yt_55,hrqxsclb97u,recording:hrqxsclb97u,record_id_prefix,medium,bơ̆t minh sô tơdring bơ̆ng ngay để người đây ao tóc păng pơm chăng ăn mưu trăng hơn tác lươm tơdrong pơm chăng bơ̆t tơdring được nó tơgo pơm tơdring để pơm kiện lưng đim canao ao tóc tơ yung kinh tơ sao,"Tại một số địa phương, đội ngũ người có uy tín đang phát huy tốt vai trò nêu gương trong các phong trào của cộng đồng, qua đó góp phần quan trọng vào việc thực hiện hiệu quả các chỉ tiêu phát triển kinh tế, xã hội.","In some localities, the contingent of prestigious people is promoting well the role of setting an example in community movements, thereby contributing significantly to the effective implementation of socio-economic development targets.",58384e22f4325c2b60db24ecec4dfa979cf1fae0,train,pseudo_label,12.48
ae374bf85317dbd8068ab9dacb6f3a0aec55315f,HVOcoj1cZ3s_2,train,https://huggingface.co/datasets/cuong06/Bahnar_Vietnamese/resolve/refs%2Fconvert%2Fparquet/default/train/0014.parquet,1452,HVOcoj1cZ3s_2.flac,True,19.739999771118164,yt_49,yt_49,hvocoj1cz3s,recording:hvocoj1cz3s,record_id_prefix,medium,rŏ ki kăn inh athây năm jang kơđê rŏng tôm bơngai lơ̆m unh hnam tang ay đê kon rơmo bơ̆j inh chơt hiôk dêh inh adrin rŏng rơmo mă 'lơ̆ng wă ning mônh che klar chăr kon lơ tơ̆ch mơdro chă chên pơnhŏ lơ̆m dih nơ̆t arih unh hnam,"Trước đây vợ tôi phải đi làm thuê nuôi cả gia đình, giờ có con bò rồi, tôi vui lắm, cố gắng chăm sóc tốt để sau này bò sinh sản nhiều hơn bán lấy tiền trang trải cuộc sống gia đình.","Previously, my wife had to work as a hired laborer to support the whole family, now that there is a cow, I am very happy, trying to take good care of it so that later the cow will reproduce more to sell for money to cover family life.",73472527455bf1343c14cefb6ac008daf93b97a8,train,pseudo_label,19.744
90f4e66b44d6894dc12b649fa82675e0699168ae,I6apczDyGE8_16,train,https://huggingface.co/datasets/cuong06/Bahnar_Vietnamese/resolve/refs%2Fconvert%2Fparquet/default/train/0047.parquet,391,I6apczDyGE8_16.flac,True,14.619999885559082,yt_55,yt_55,i6apczdyge8,recording:i6apczdyge8,record_id_prefix,medium,hơdoi lơ̆m hơ̆p tăk sah kung tă biơ̆ tơ nap tap yua pơtơm plŭm inh bih tơ âu ưh kđây teh pơm chang yua thoi nó bơ̆t hơdoi lơ̆m hơ̆p tăk sah để phăng tơ̆nggôm uyh năm chơnah arih kung sơ̆ đơ̆ng minh lat đei đơ̆ng minh hơ̆ng truh ba hơ̆ng hơbâu,"Tôi về đây không có đất canh tác. Tham gia HTX, cuộc sống gia đình đỡ hơn. Được HTX hỗ trợ, giúp đỡ kinh tế gia đình tôi ổn định hơn. Một ngày kiếm được 100-200 ngàn đồng thậm chí có ngày được hơn 200 ngàn đồng.","I came here without any farming land. Joining the cooperative, my family's life is better. Supported and helped by the cooperative, my family's economy is more stable. One day I earn 100-200 thousand VND, sometimes even more than 200 thousand VND.",0f0c8c6ee3ca8c047340379d7f1486a26fd07053,train,pseudo_label,14.624
3db00052df3dbd5c53a5ef8bc5ff7344fd385b68,I89U19tlohQ_3,train,https://huggingface.co/datasets/cuong06/Bahnar_Vietnamese/resolve/refs%2Fconvert%2Fparquet/default/train/0037.parquet,1208,I89U19tlohQ_3.flac,True,25.34000015258789,yt_53,yt_53,i89u19tlohq,recording:i89u19tlohq,record_id_prefix,medium,trơi tơ buh gah bơngai gon kông kung hlôi đây đăm jât bat clah ring nâu kung hlôi đây găp wih kung thoi lĕ tơguăt hơdoi lâm pơm cheng bơ̆r âu kung hlôi đây gah tơdrong bơ̆t gĭnh tơ sơ hội kung hlôi đây minh gah sah kung hlôi đây bat jât gah thuơn keh ka tơnap tap gah tơdrong pơm cheng minh hơ̆ng pênh jât đăm nâu kung hlôi đây tơ chur tơnuh sơ đơ̆ng lâm tơdrong pơm cheng bơ̆t ơ pung tin iĕn bơ̆r âu kung hlôi đây kia măng jăl,"Đồng bào dân tộc thiểu số chiếm trên 52% dân số toàn huyện. Mặc dù cấp ủy và chính quyền huyện đã có nhiều chương trình, nhiều đề án nhằm thúc đẩy phát triển KTXH trên địa bàn, song đến thời điểm năm 2016, Tiên Yên vẫn còn 1 xã và 20 thôn đặc biệt khó khăn thuộc Chương trình 135. Xác định công tác giảm nghèo bền vững là một trong những nhiệm vụ trọng tâm, xuyên suốt nên huyện Tiên Yên đặc biệt quan tâm trong nhiệm kỳ vừa qua.","Ethnic minorities account for over 52% of the total district population. Although the district's party committee and government have had many programs and projects to promote socio-economic development in the area, by the time of 2016, Tien Yen still had 1 commune and 20 villages that were particularly difficult under Program 135. Determining that sustainable poverty reduction is one of the key and consistent tasks, Tien Yen district has paid special attention to it in the past term.",699047d77c47c847d981ce1fadac1c6ee15d7311,train,pseudo_label,25.344
aedcef08c7321bddc27b1fc697bdf0d12ddbd59b,iDMhxd00XnQ_7,train,https://huggingface.co/datasets/cuong06/Bahnar_Vietnamese/resolve/refs%2Fconvert%2Fparquet/default/train/0019.parquet,1232,iDMhxd00XnQ_7.flac,True,6.210000038146973,yt_55,yt_55,idmhxd00xnq,recording:idmhxd00xnq,record_id_prefix,medium,để cho hơi héo một chút khi gói lá sẽ khẩu bị rách bơ̆t bỏ lây đây hamit đinh,"Lá dong rửa sạch, để cho hơi héo một chút khi gói, lá sẽ không bị rách.","Wash the dong leaves clean, let them wilt a little bit when wrapping, the leaves will not be torn.",dd9f15963d00328b6d56608576a230212a0c189c,train,pseudo_label,6.208
acdea8a11518b28488bb50fadc3ab26815fe47d5,IltS_9bz_YY_13,train,https://huggingface.co/datasets/cuong06/Bahnar_Vietnamese/resolve/refs%2Fconvert%2Fparquet/default/train/0027.parquet,1937,IltS_9bz_YY_13.flac,True,17.18000030517578,yt_51,yt_51,ilts_9bz_yy,recording:ilts_9bz_yy,record_id_prefix,medium,wei wer al kơ jăp rim kơ nau blep kơ jơt hơdoi noh tơ rŏ rim khŭl tơ lĕch hrăm hrăm rim tơ trŏng pơm jăng sah ya khai adrin tô hơduih sơnăm băr bơ băr jit băr blep kơ jơt plê plat nau păng pơ jêng plê nô blem kơ jơt plê plat nau,"Duy trì vững chắc các tiêu chí đã đạt chuẩn, đồng thời huy động các nguồn lực, triển khai đồng bộ các giải pháp, xã Ia Khai phấn đấu đến cuối năm 2022 đạt chuẩn nông thôn mới và xây dựng làng Nú đạt chuẩn làng nông thôn mới.","Maintaining firmly the criteria that have met the standards, while mobilizing resources, implementing synchronous solutions, Ia Khai commune strives to meet new rural standards by the end of 2022 and build Nu village to meet new rural village standards.",e7dcdad46937e1e192a8cb6061f8d96d5f6caa17,train,pseudo_label,17.184
7b81409173deab2513d5b4ee3b8502bae2fa3eb1,iYjyWcV11_I_24,train,https://huggingface.co/datasets/cuong06/Bahnar_Vietnamese/resolve/refs%2Fconvert%2Fparquet/default/train/0042.parquet,1479,iYjyWcV11_I_24.flac,True,28.3799991607666,yt_53,yt_53,iyjywcv11_i,recording:iyjywcv11_i,record_id_prefix,medium,sơ năm bar bô bat jit yơ âu ji kơ wit jit sin lươi đây tui đuônh nhŏm tâm lươi đây hơdoi păng tơ rô̆ lơm pơm chang bơ̆t định đăng kơ phuh hơdoi pơm chang tơ góp keh kit kăl lươi tơ gŭm ăn chơi gom păng rim kơ tơ mam lươi đây pơm kia bók hơdoi minh kơ tơ drong pơm chang tih tin hok pơ hrăm bók noh minh kơ tơ drong lươi đây yoa kơ tơ drong pơm chang kơ chăng lơi yoa đơ̆ng tơ pơl kon pơlê đi chơh ngơ̆m đon vê lăng chơhnơt arih pơngai pơm chang,"Năm 2020 vừa qua, dịch bệnh Covid-19 kéo dài, nên anh Tâm cũng huy động các doanh nghiệp trên địa bàn và toàn thành phố về địa phương để tham gia đóng góp, tặng gạo, khẩu trang sát khuẩn cho hộ chính sách và hộ nghèo. Với quan niệm học và làm theo Bác không phải là điều gì lớn lao, xa vời, biết suy nghĩ vì lợi ích chung của cộng đồng, hết lòng chăm lo đời sống người lao động.","In the past year 2020, the Covid-19 pandemic lasted long, so Mr. Tam also mobilized businesses in the area and the whole city to the locality to participate in contributing, donating rice, antiseptic masks for policy households and poor households. With the concept that learning and following Uncle Ho is not something great or far-fetched, knowing how to think for the common benefit of the community, wholeheartedly taking care of the lives of workers.",f18311ca311dcfe148e625e52fb52d5ad3b9db71,train,pseudo_label,28.384
01d62bdb72e536297b80bddb0e46d1add132dcba,IzKtBUWgm0Q_7,train,https://huggingface.co/datasets/cuong06/Bahnar_Vietnamese/resolve/refs%2Fconvert%2Fparquet/default/train/0049.parquet,2219,IzKtBUWgm0Q_7.flac,True,22.43000030517578,yt_33,yt_33,izktbuwgm0q,recording:izktbuwgm0q,record_id_prefix,medium,sao để cha pơyao ăn kơ mua cha ve sơn đi cha chong kiơ kơ gì văng được unh ưu cô unh sa roc lên pơyan phang lên minh khul dâng pơ trutengham nu pơngai du đây bơ jang chong gì păng liêng lang cha yam năng lên pơyan phang du a thơ cha năng lên minh blon minh măng păng dâng lên minh khây dâng pêng puan măng thang thì được ba munh lành,"Xã giao cho dân quân làm rãnh để phòng cháy đảm bảo trong mùa khô, cứ một tiểu đội 7 đến 8 người làm cái rãnh, thường xuyên kiểm tra, mùa khô đi liên tục tuần 1 lần, một tháng từ 3 đến 4 lần.","The commune assigned the militia to make ditches for fire prevention to ensure safety during the dry season, every squad of 7 to 8 people makes the ditch, checks regularly, in the dry season goes continuously once a week, 3 to 4 times a month.",9d888d30e9220e02a4ec21af6745f472b7c2e1ed,train,pseudo_label,22.432
1a74088a5894a36eff8013b38592406385cf89a2,j0sYGF-RL18_22,train,https://huggingface.co/datasets/cuong06/Bahnar_Vietnamese/resolve/refs%2Fconvert%2Fparquet/default/train/0019.parquet,1701,j0sYGF-RL18_22.flac,True,29.950000762939453,yt_53,yt_53,j0sygf-rl18,recording:j0sygf-rl18,record_id_prefix,medium,sơ đừng hợp tak sah nó về lăng sơ đừng giữa tơ trong bơ đã tơ tring tôi gum ăn rim gặp bơ ngai bơm chăng lương hợp tak sah au đol ki sư lươi đây ngơi sơ đừng lương tơ trong bơm chăng đừng đường nó lươi đây ba bêng sơ năm mã còn phải lấy lươi đây buông hợp tak sah nó lươi đây rim gặp tơ màm sơ đừng lương nó để lời doa ăn đây chơi nây lương tơ trong bơm chăng đừng bơ ngai hơi tơ chẳng hợp tất cả làm mát đầu ngày càng đông thành viên,"Hồi trước mới làm thì rất khó khăn. Họ không tin, họ nói làm vậy sao nổi. Nhưng sau một vài năm, bà con thấy HTX bao tiêu sản phẩm, đầu ra ổn định, còn có thêm phúc lợi cho cộng đồng, từ đó bà con mới thấy được hiệu quả nên ngày càng có đông thành viên tham gia.","Back then when I first started, it was very difficult. They didn't believe it, they said how can you do that. But after a few years, people saw that the cooperative guaranteed the product, the output was stable, and there were more benefits for the community, from there people saw the effectiveness, so more and more members participated.",e0f08214e63bb52334c001ed4b20a6faba312feb,train,pseudo_label,29.952
1088ee7f7e56762f7c799c7229c3d37b08b05cd4,j2d15YiG_mQ_12,train,https://huggingface.co/datasets/cuong06/Bahnar_Vietnamese/resolve/refs%2Fconvert%2Fparquet/default/train/0031.parquet,1373,j2d15YiG_mQ_12.flac,True,18.34000015258789,yt_-1,yt_-1,j2d15yig_mq,recording:j2d15yig_mq,record_id_prefix,medium,là cái hoạt động lê hôi khái ha để chúng ta tập lung đặc biệt là chuẩn bị vào lê hôi khái ha để ở các xóm đã tiên hành tập luyên đi tham gia cái lê hôi môi màu xa là cái góp có tính 15 đến 20 chiêng tham gia cái phát triển cái chiêng bương à,"Để bảo tồn và phát huy giá trị văn hóa chiêng Mường, hàng năm, xã cũng tổ chức các lễ hội ở các xóm, thôn. Nhiều nghệ nhân đã tham gia trình diễn chiêng Mường. Nhiều lớp truyền dạy chiêng cũng đã được tổ chức.","To preserve and promote the cultural value of Muong gongs, every year, the commune also organizes festivals in hamlets and villages. Many artisans have participated in performing Muong gongs. Many gong teaching classes have also been organized.",c429158b7c2421dd994f0dd9833ac1b4278d483f,train,pseudo_label,18.336
86db7bbfbc8e25a5635abc243354eb1d58d39e42,j5Ba2NDcxbk_1,train,https://huggingface.co/datasets/cuong06/Bahnar_Vietnamese/resolve/refs%2Fconvert%2Fparquet/default/train/0031.parquet,1384,j5Ba2NDcxbk_1.flac,True,13.220000267028809,yt_45,yt_45,j5ba2ndcxbk,recording:j5ba2ndcxbk,record_id_prefix,medium,ơ ô tu chi kơ toa maminh theng ngam chit puan chang nghe tuh sap puan met kơ chung pênh chit đăm met pơ tên păng tơ trong adroisơ teng ay tơ̆t sê tuh cha kơ pŭk rŏng ir pơ yuơ kơ đê kon plên lươm tơ trong eri,"Đây là chiếc cầu hy vọng thứ 184, với chiều rộng 4m và chiều dài 35m. So với chiếc cầu cũ chỉ rộng 1m, đã xuống cấp chỉ đủ cho 1 xe máy qua lại, đây thật sự là công trình có ý nghĩa đối với bà con.","This is the 184th bridge of hope, with a width of 4m and a length of 35m. Compared to the old bridge which was only 1m wide, had deteriorated, and was only enough for 1 motorbike to pass, this is truly a meaningful project for the people.",ca59f4f26fce7ffed3d0718d28988c88d05c9d8f,train,pseudo_label,13.216
f12638989bf8840b0d8c8c5192f154e3a7fca26f,j6yb66WxaMw_23,train,https://huggingface.co/datasets/cuong06/Bahnar_Vietnamese/resolve/refs%2Fconvert%2Fparquet/default/train/0031.parquet,1412,j6yb66WxaMw_23.flac,True,8.579999923706055,yt_-1,yt_-1,j6yb66wxamw,recording:j6yb66wxamw,record_id_prefix,medium,hội đồng sẽ sử cấp phúc thẩm đã là chấp nhận các đề nghị của người thực hiện tự dứt hợp lý,"Qua các tài liệu thu thập để làm căn cứ giảm nhẹ, Hội đồng Xét xử cấp Phúc thẩm đã chấp nhận các đề nghị của người thực hiện trợ giúp pháp lý.","Through the documents collected to serve as a basis for mitigation, the Appellate Trial Council accepted the proposals of the legal aid provider.",7a115ac520ea1c0fab681d32e82988baf5b2e5aa,train,pseudo_label,8.576
3d6c10a1b0a9c43725965de70f514a2df915bc1a,j9dErYAtuaE_4,train,https://huggingface.co/datasets/cuong06/Bahnar_Vietnamese/resolve/refs%2Fconvert%2Fparquet/default/train/0031.parquet,1430,j9dErYAtuaE_4.flac,True,18.559999465942383,yt_45,yt_45,j9deryatuae,recording:j9deryatuae,record_id_prefix,medium,gơgơl đao truh tơ âu 'nhŏng tu trư̆m tơ nam tap kơ anih nam ui ma bal tâng tam nơ-lê khui tâng đê kon plơ kon kung nhun tu sang cha pơma pơsô adrin charatăp tơdrong pơchăng ăn kơ 'nhŏng ui sa tro tơ̆ng yâng ngươh sơnê pơlơm tơdrong pơchăng tơ nghi rơmăt păng truh ning munh,"Lúc đầu, các đồng chí mới lên cũng có nhiều khó khăn. Thứ nhất là vị trí ăn ở. Thứ hai, các đồng chí mới lên chưa hiểu phong tục tập quán của dân tộc. Khi các đồng chí lên, chúng tôi đã động viên kịp thời, sắp xếp công việc, chỗ ăn ở cho các đồng chí","At first, the new comrades coming up also had many difficulties. First is the accommodation location. Second, the new comrades coming up did not understand the customs and habits of the ethnic groups. When the comrades came up, we encouraged them in a timely manner, arranged work, and accommodation for the comrades",131fa7d37c81483945471814ceb8a39959afdbcd,train,pseudo_label,18.56
1c76c887ac60c935952ec4e8d0f59e0400ebb953,jEl_XdR-oiU_0,train,https://huggingface.co/datasets/cuong06/Bahnar_Vietnamese/resolve/refs%2Fconvert%2Fparquet/default/train/0031.parquet,1432,jEl_XdR-oiU_0.flac,True,26.559999465942383,yt_53,yt_53,jel_xdr-oiu,recording:jel_xdr-oiu,record_id_prefix,medium,ơ kon pơlay păng đơ̆ng bơ̆l mang jang nók kơ tơdring đây lơ kơ bơngai kon kông râu chit klah rêng jub lơ̆m ơ pung uy đây lơ kơ thun pơlay tơ nap táp ơ pung lui đây lăng git ka tơdrong pơm jang lơ̆m pơm jang jên sách bơngai kon kông kiơ kơ tơdrong hơdoi pơm trong là năm yo kơ thoi ây mă bơngai kon kông lui đây lơ kơ tơ plih hơdoi păng ơ tóc tơ yung lơ̆m jơhnơt arih đơ̆ng trong là năm bơ̆r ơ pung mang jang đây bai chih tơ lao,"Thưa quý vị và bà con! Mang Yang là địa phương có tỷ lệ người DTTS chiếm trên 60% dân số toàn huyện và còn nhiều thôn, làng đặc biệt khó khăn, do đó, thời gian qua, huyện đã quan tâm và triển khai thực hiện nhiều chương trình, chính sách dân tộc, trong đó có chương trình kiên cố hóa giao thông... Nhờ vậy, diện mạo vùng đồng bào DTTS có nhiều thay đổi. Chúng ta hãy cùng cảm nhận sức sống mới từ những con đường tại huyện Mang Yang qua phóng sự sau:","Dear ladies, gentlemen, and fellow citizens! Mang Yang is a locality where the proportion of ethnic minority people accounts for over 60% of the entire district's population and there are still many particularly difficult villages and hamlets; therefore, in recent times, the district has paid attention to and implemented many ethnic programs and policies, including the traffic solidification program... Thanks to this, the appearance of ethnic minority areas has changed significantly. Let us feel the new vitality from the roads in Mang Yang district through the following report:",6582261b1ed77d15e9b6e8a1f2c4449676790a66,train,pseudo_label,26.56
48984525af3c9038bc1b082ce92caa8259a39ee4,js7T3Z6GW1Y_3,train,https://huggingface.co/datasets/cuong06/Bahnar_Vietnamese/resolve/refs%2Fconvert%2Fparquet/default/train/0019.parquet,1989,js7T3Z6GW1Y_3.flac,True,24.100000381469727,yt_55,yt_55,js7t3z6gw1y,recording:js7t3z6gw1y,record_id_prefix,medium,con plê bình định keh ngơnh bơ̆t con plê lâm trên teh phios tôi sơn plê pa bơng ai nui mơng catang ao vai cơ đau quang trùng nguyện huệ reo pri teh tôi sơn bình định uy rang hơn ta păng tơ no ăn tơ mam tơ sơn lê ăn được ăng lo chit ngam mình lâm trim tơ mam trăm cho che lâm trên teh phios,"Người dân Bình Định rất tự hào khi là con dân của mảnh đất địa linh nhân kiệt, đất võ trời văn. Đó là Tây Sơn, quê hương của người anh hùng áo vải cờ đào Quang Trung - Nguyễn Huệ. Ngày nay, mảnh đất Tây Sơn, Bình Định vẫn nổi bật với hệ thống di sản thời Tây Sơn để lại từ thế kỷ XVIII và một trong những di sản đặc biệt nhất là truyền thống võ học.","The people of Binh Dinh are very proud to be children of the land of spiritual energy and outstanding people, the land of martial arts and literature. That is Tay Son, the hometown of the cloth-clad hero with the red flag, Quang Trung - Nguyen Hue. Today, the land of Tay Son, Binh Dinh, still stands out with the system of heritage left by the Tay Son dynasty from the 18th century, and one of the most special heritages is the tradition of martial arts.",5b38ad8068a6e8c81368d02dc59f604d5759a67a,train,pseudo_label,24.096
b0f6a19295aa035d8486635553a407021c9b8051,JVBDHPpMtec_16,train,https://huggingface.co/datasets/cuong06/Bahnar_Vietnamese/resolve/refs%2Fconvert%2Fparquet/default/train/0037.parquet,1909,JVBDHPpMtec_16.flac,True,23.969999313354492,yt_53,yt_53,jvbdhppmtec,recording:jvbdhppmtec,record_id_prefix,medium,đừng trong bắt rên kăng sơn đăm bui tây wê wer păng lươi kơ tơ trong đừng sơ sơ chăl phalăng bơ̆t bă ki sơn đăm minh bô ngăm rên ngăm ti pinh hơi tơ trong tơ blah tơ văng hơi tơ kơ nhu bơ̆re thân sơn tơ hơi đây ăn đih găs đừng tơ mam sơ sơ hơmet minh đừng phâu đai hơi tơ tơ nđ ăn đih kê prang,"Sau gần 200 năm tồn tại, di tích cũng đã trải qua nhiều biến động lịch sử. Thực dân Pháp bắt đầu đánh chiếm Bắc Kỳ 1873 - 1883, địa bàn Sơn Tây từng là căn cứ kháng chiến của phe chủ chiến và phong trào Cần Vương. Thời đó, Thành Sơn Tây được coi là nơi có vị trí phòng thủ kiên cố, một pháo đài có hỏa lực vào hàng mạnh nhất.","After nearly 200 years of existence, the relic has also undergone many historical fluctuations. The French colonialists began to invade Tonkin from 1873 - 1883, the Son Tay area was once a resistance base of the militant faction and the Can Vuong movement. At that time, Son Tay Citadel was considered a place with a solid defensive position, a fortress with firepower among the strongest.",56f6359f19911fb8327fe1c72e6c89650e97a08c,train,pseudo_label,23.968
00a8644edc1cb1f07e205e8c998fc252b5304dac,KDUNMLUBU3g_9,train,https://huggingface.co/datasets/cuong06/Bahnar_Vietnamese/resolve/refs%2Fconvert%2Fparquet/default/train/0015.parquet,544,KDUNMLUBU3g_9.flac,True,20.3799991607666,yt_49,yt_49,kdunmlubu3g,recording:kdunmlubu3g,record_id_prefix,medium,sơn ăn chă jơnơ nau lươm rì teh so lươm ơ bung samakai nâu đi âu uy ba mình rêng uy nam bơngai thu lao bơ tơ âu nhŏng oh nhôn liêng lang pơlŭ đi băl arin bê bêr rêm kơ chă lưng ro đường bok giá và atâm bu mình trong văn hoa thu lao nó uy đi teh so uy đi bơngai thu lao,"Cả vùng đất thuộc xã Si Ma Cai này, giờ chỉ còn vài trăm hộ người Thu Lao. Mỗi lúc như thế này, anh em chúng tôi thường động viên nhau, cố gắng gìn giữ những giá trị truyền thống của cha ông, để chứng minh một điều rằng còn văn hóa Thu Lao là còn đất cổ, còn người Thu Lao.","The whole land belonging to Si Ma Cai commune now only has a few hundred Thu Lao households left. Every time like this, we brothers often encourage each other, trying to preserve the traditional values of our ancestors, to prove one thing that as long as there is Thu Lao culture, there is still ancient land, and there are still Thu Lao people.",fcf948856c87eebfe0c251e5a67b9a21a5d4726f,train,pseudo_label,20.384
7e7fb7867ce917200fa6c89a912d9653e054504b,KHp8kmQNLac_2,train,https://huggingface.co/datasets/cuong06/Bahnar_Vietnamese/resolve/refs%2Fconvert%2Fparquet/default/train/0015.parquet,627,KHp8kmQNLac_2.flac,True,28.63999938964844,yt_55,yt_55,khp8kmqnlac,recording:khp8kmqnlac,record_id_prefix,medium,bơngay mương krao anăn tuyên chăt chuê nó tên sơnăm nau dui đunh ngam năr yŏc đơ̆ng năr pênh chit kê chap lik mương tinh chiơ jêng măt năr sơma pha bơngay ginh tinh năr tơ jur kê anu năr uê tinh kê bơn năr ơm lik năr jêng đăm lik minh năr nó jit phonh năr mung minh blung kê đơ̆ng kê bơn ưa đê lik măt năr sơma năr mung minh lik mương lui lek,"Người Mường gọi Tết cổ truyền là Tết năm mới kéo dài 8 ngày, bắt đầu từ ngày 30 tháng Chạp. Lịch Mường xưa tính theo tuần Trăng, nhưng cách tính khác người Kinh. Tính ngày lui, tháng tới, ngày vẫn tính theo âm lịch xong lui lại 1 ngày, ngày âm lịch là ngày 15 Trăng tròn. Lịch Mường tính lui lại 1 ngày, đó là ngày 14. Ngày mùng một đầu tháng của âm lịch không có Trăng, song ngày mùng một lịch Mường đã có Trăng non, nghĩa là tính theo tuần Trăng. Tháng vẫn tính như âm lịch của người Kinh.","The Muong people call the traditional Tet the New Year Tet, lasting 8 days, starting from the 30th day of the twelfth lunar month. The old Muong calendar is calculated according to the lunar cycle, but the calculation method is different from the Kinh people. Calculating days backward, months forward, the days are still calculated according to the lunar calendar but moved back 1 day; the lunar day is the 15th, the full moon. The Muong calendar calculates back 1 day, which is the 14th. The first day of the lunar month has no Moon, but the first day of the Muong calendar already has a new Moon, meaning it is calculated according to the lunar cycle. The months are still calculated like the lunar calendar of the Kinh people.",d2ab36cc787b4e9155793fde701f8e02144873fa,train,pseudo_label,28.64
09483cc63b1b2a34863ab4b0dcd583aadf9b9863,LbtNFE3oG-c_3,train,https://huggingface.co/datasets/cuong06/Bahnar_Vietnamese/resolve/refs%2Fconvert%2Fparquet/default/train/0015.parquet,1188,LbtNFE3oG-c_3.flac,True,26.079999923706055,yt_55,yt_55,lbtnfe3og-c,recording:lbtnfe3og-c,record_id_prefix,medium,thoi e bơdrêu jên địch sơ ma inh buh pơm bŏ suih no đây kê lưng păng pơm trường gương giĕ lê ya nhŏng thân mây bạ răt vang trường gươm ăn inh răt ăn ăn thoi e păng ih hê lăng păng bơh ngay thoi gơ đi trường gương giĕ buh nhŏng thân pơma thoi e,"Thế là bác anh phải trả tiền thôi. Những con thấy anh Thân bảo, cái bó xôi này ăn rất là tốt, có thể giảm cân. Thế à? Ý anh Thân muốn thể hiện và mua ủng hộ cho em Ánh bác ạ. - Mua cho cái Ánh? - Vâng ạ. Thân nhà bác trông nó như con cá. Người nó trông như con cá ngựa thì giảm cân cái gì? Con thấy anh Thân nói thế. - Như này là anh ấy có tí đầu tư đấy. - Vâng.","So your uncle has to pay. But I see Mr. Than say, this spinach is very good to eat, can lose weight. Is that so? Mr. Than wants to show off and buy to support Ms. Anh, uncle. - Buy for Anh? - Yes. Your Than looks like a fish. His body looks like a seahorse, so what weight loss? I see Mr. Than say so. - This means he has a bit of investment. - Yes.",5ec6686d7f1cef91425293e077a59e43782dde25,train,pseudo_label,26.08
c734c2a75ab81fd8a96f1312dd42681a6c73d9be,lFh3A143-n0_10,train,https://huggingface.co/datasets/cuong06/Bahnar_Vietnamese/resolve/refs%2Fconvert%2Fparquet/default/train/0043.parquet,313,lFh3A143-n0_10.flac,True,20.1299991607666,yt_53,yt_53,lfh3a143-n0,recording:lfh3a143-n0,record_id_prefix,medium,nghệ nhân không bơ̆i bơ̆r âu rơi ăn bắt bơ̆n ngài thay mương la cha răng sơn la tơ rong nhiêu nó không lui đây tư kuat hơn đôi găm mêm kơ eng đây phong ngon păng trim tơ rong văn hoa lưng liêm kơ trú rơi châu va bi nó không lui đây rơi châu va păng trim kơ tơ rong đừng bơ̆n ngay con kuông tộc,"Nghệ nhân ưu tú Lò Rèn cho biết, đối với người Thái ở Mường La, tỉnh Sơn La, điệu múa bát là một trong những nét đẹp văn hóa đặc sắc. Múa bát xuất phát từ nhu cầu để thể hiện lòng thành kính và sự tri ân của con người đối với các vị thần linh hay tổ tiên.","Distinguished Artisan Lo Ren said that for the Thai people in Muong La, Son La province, the bowl dance is one of the unique cultural beauties. The bowl dance stems from the need to express the reverence and gratitude of humans towards gods or ancestors.",523133d5c1de914a7e7c9280fff14404aa01d49c,train,pseudo_label,20.128
58b51c607cb29567baeb9f700b916440b7731519,LUK_02_002,train,https://huggingface.co/datasets/cuong06/Bahnar_Vietnamese/resolve/refs%2Fconvert%2Fparquet/default/train/0002.parquet,337,LUK_02_002.flac,True,8.180000305175781,KT_0,KT_0,luk_02,recording:luk_02,record_id_prefix,medium,"'Nâu mă blŭng-a đe chih anăn tơ lăm hla bơar, kơplah Krinus oei pơm 'bok tih lăm dêh char Siri.","Đây là cuộc kiểm kê dân số đầu tiên, được thực hiện thời Qui-ri-ni làm tổng trấn xứ Sy-ri.","This was the first census, and it took place while Quirinius was governor of Syria.",233c15d19af65aa9f09b70c67748ce85cc483aae,train,pseudo_label,8.1801875
d700e5e21bdc0c01b4e23beb503c71ec5c43c4fc,LUK_20_001,train,https://huggingface.co/datasets/cuong06/Bahnar_Vietnamese/resolve/refs%2Fconvert%2Fparquet/default/train/0002.parquet,384,LUK_20_001.flac,True,18.260000228881836,KT_0,KT_0,luk_20,recording:luk_20,record_id_prefix,medium,"Minh năr ei kơplah Yêsu oei bơtho đe tơdrong 'nao 'lơ̆ng tơ lăm hnam akŭm 'Bok Kei-Dei tơm, na lu 'bok soi tih, lu thây bơtho tơdrong juăt, hăm lu đe kră sek tơlang năm jet Yêsu khan:","Một hôm, Chúa Giê-xu đang giảng dạy cho dân chúng và rao truyền Phúc Âm trong sân Đền Thờ, các thầy trưởng tế, các thầy dạy luật, và các trưởng lão đến hỏi:","One day, Jesus was teaching the people and proclaiming the gospel in the temple courts when the chief priests, teachers of the law, and elders came to him and questioned him.",03bf5f1db9fca7b71b5c18ccfe7d579e17103c4d,train,pseudo_label,18.2619375
e443ae6063fb66d9a55aca82b4b8f3cdb4cacc1c,Mk5ohzYx7h0_55,train,https://huggingface.co/datasets/cuong06/Bahnar_Vietnamese/resolve/refs%2Fconvert%2Fparquet/default/train/0015.parquet,1657,Mk5ohzYx7h0_55.flac,True,5.889999866485596,yt_-1,yt_-1,mk5ohzyx7h0,recording:mk5ohzyx7h0,record_id_prefix,medium,dư hang kilô mong na ô cha nhi no mùn,Mặt trời mọc thì chiếu sáng cả bản làng.,"When the sun rises, it illuminates the whole village.",ac39cbcfaa536eec281cf440cbd4eb8ef7dcbe6b,train,pseudo_label,5.888
dc0990314861b42ba65b58fced1913c630e6669f,MmCevw-jygE_18,train,https://huggingface.co/datasets/cuong06/Bahnar_Vietnamese/resolve/refs%2Fconvert%2Fparquet/default/train/0023.parquet,400,MmCevw-jygE_18.flac,True,2.4600000381469727,yt_55,yt_55,mmcevw-jyge,recording:mmcevw-jyge,record_id_prefix,medium,nhŏng 'bê blogging tru kăn kon,-Anh vẫn còn nhớ đến vợ đến con anh cơ à? -Mình ơi! Mình về với anh nhé!,-You still remember your wife and child? -Honey! Come home with me!,3d0671c59daac6a275bfc0c64b5ccb6dcccb6f81,train,pseudo_label,2.464
943fc633564a8f67975b8ac06c49cce24197dadf,MNArf84W6PA_16,train,https://huggingface.co/datasets/cuong06/Bahnar_Vietnamese/resolve/refs%2Fconvert%2Fparquet/default/train/0015.parquet,1487,MNArf84W6PA_16.flac,True,29.729999542236328,yt_55,yt_55,mnarf84w6pa,recording:mnarf84w6pa,record_id_prefix,medium,pêng ji dôm gih pêng ji dôm gih lê̆ dôm yơ jên păng đei 'ba hrĕng drơpâu hlăk jên đei dôm hmon păng đei minh thư pơhrăm tơ̆ kơphŭ pơhrăm đăi hŏp hơdah kiơ pơhrăm ndrim khê păng hiong jên hơdah ưh hiong đăp triu tơdrong jăng inh pơm hling hlang ưh may đăt ayơ kung jăng kung đơ̆ng 'noh mă đei thu iŏk păng tơ jĕng kiơ̆ kơ 'mrăng thoi yơ păng 'mê kiăl,"30kg nghêu sẽ bán được khoảng 200.000 đồng. Anh chị có mấy cháu? Một cháu đang học trên thành phố. Cháu học đại học hay làm gì? Mỗi tháng anh chị gửi cháu 5 triệu đồng. Công việc này chị có làm thường xuyên không? Hàng ngày luôn. Nhờ nghề bắt nghêu này nên anh chị có thu nhập, để lo cho con đi học ở thành phố.","30kg of clams will sell for about 200,000 VND. How many children do you have? One child is studying in the city. Is the child in university or doing what? Every month you send the child 5 million VND. Do you do this work regularly? Every day. Thanks to this clam-catching profession, you have an income to take care of your child's education in the city.",dad92463457ed8ace6b7685c7f916066a259d0ab,train,pseudo_label,29.728
af8f9784ea828b2fea1cb7d2e7b4530f46ad044e,mYAebLa60Wc_54,train,https://huggingface.co/datasets/cuong06/Bahnar_Vietnamese/resolve/refs%2Fconvert%2Fparquet/default/train/0032.parquet,310,mYAebLa60Wc_54.flac,True,21.86000061035156,yt_53,yt_53,myaebla60wc,recording:myaebla60wc,record_id_prefix,medium,truh đây âu hlôi đây bơ̆t đã pơgăr teh đăk hlôi đây tơ jur gă tơ drŏng đăk đŏng păng sơnăm băr bơ̆t jêp mônh bơ̆t âu hlôi đây truh bơ̆t sơnăm băr bơ̆t băr gă tơ drŏng nâu hlôi đây đây minh hrinh truh băr hrinh đŏng kăp bơ̆t âu nâu minh gă tơ drŏng hlôi đây đơ̆ng khŭl pơm cheng wêh lăng păng đây bôh,"Cùng với tổ chức Hội thảo ""Hiện trạng và giải pháp bảo tồn Mang lớn ở Việt Nam"", thời gian qua, Vườn quốc gia Sông Thanh đã đẩy mạnh tuyên truyền nâng cao nhận thức của người dân địa phương. Từ đó, việc bà con đặt bẫy thú trong khu vực Vườn quốc gia Sông Thanh đã giảm đáng kể.","Along with organizing the Seminar ""Status and conservation solutions for large-antlered muntjac species in Vietnam"", in the past time, Song Thanh National Park has promoted propaganda to raise awareness of local people. From there, the fact that people set animal traps in the Song Thanh National Park area has decreased significantly.",b1632ec0350f819cc3be4b4bc33ea5805a687729,train,pseudo_label,21.856
c98546e9890b2bfbac3bd9edf3eb8232779ba023,N3-Ri8SGxfo_30,train,https://huggingface.co/datasets/cuong06/Bahnar_Vietnamese/resolve/refs%2Fconvert%2Fparquet/default/train/0023.parquet,447,N3-Ri8SGxfo_30.flac,True,4.03000020980835,yt_-1,yt_-1,n3-ri8sgxfo,recording:n3-ri8sgxfo,record_id_prefix,medium,theo phương pháp là thực phẩm sạch để đảm bảo sức khỏe cho người tiêu dùng,"Theo phương pháp này, các sản phẩm được làm từ nguyên liệu tự nhiên, an toàn và đảm bảo sức khỏe cho người tiêu dùng.","According to this method, products are made from natural, safe ingredients and ensure health for consumers.",7ed4e7f02ea25c79236d3b135557d421c368ee51,train,pseudo_label,4.032
6f9a63c8783030b9649a4eab2e5f3f73db0fb39d,n5kuoggbn3A_0,train,https://huggingface.co/datasets/cuong06/Bahnar_Vietnamese/resolve/refs%2Fconvert%2Fparquet/default/train/0043.parquet,1017,n5kuoggbn3A_0.flac,True,22.850000381469727,yt_45,yt_45,n5kuoggbn3a,recording:n5kuoggbn3a,record_id_prefix,medium,kon trinh păng tum pôl lơm sơnam bar buah ba djit munh hơm păng tơdrong bơjăng tơ̆ng tôm tal ani bơjăng đe sơnong duh thoi tơdrong cha đin tơ̆ng đê kon plê duh đây bô tơdrong rih đê kon plê tơ chat hoa bênh rai tok tơm ret tơnum lơm tơdrong bơjăng sa tơ đê kon plê dương rŏng âu tơdrong cha chi prai lơm trinh in thuy,"Năm 2021, với sự vào cuộc đồng bộ của cả hệ thống chính trị trong công tác giảm nghèo, đặc biệt là sự cố gắng nỗ lực của người dân, đời sống của bà con tỉnh Hòa Bình ngày càng được nâng lên, góp phần thúc đẩy kinh tế - xã hội địa phương phát triển. Ghi nhận tại huyện Yên Thủy.","In 2021, with the synchronous involvement of the entire political system in poverty reduction work, especially the efforts of the people, the lives of the people in Hoa Binh province have been increasingly improved, contributing to promoting local socio-economic development. Recorded in Yen Thuy district.",94d3e01ee2caf13d75a04ec037b1976454092d08,train,pseudo_label,22.848
a533e88de8d5f784fa2c3e2b11fb1f8a6096d40c,NafkLCOTXek_6,train,https://huggingface.co/datasets/cuong06/Bahnar_Vietnamese/resolve/refs%2Fconvert%2Fparquet/default/train/0023.parquet,460,NafkLCOTXek_6.flac,True,29.86000061035156,yt_52,yt_52,nafklcotxek,recording:nafklcotxek,record_id_prefix,medium,jơhngơ̆m đon minh pơngai mương hrung pên ao thoi âu 'noh tơ̆bôh jơhngơ̆m đon hơdoi păng mĕ 'bă pơngai kơ nglo păng 'noh mĕ e pơtho kon athây wêr an kon sâu 'noh tring kăr lơhloh đơ̆ng inh ga trŏng chĕt je pơngai mương tơdra đơ̆ng pơngai mương đei lơ pơngai pơngơ sơma ưh kơ băt ưh kơ sĭ jep pa kêt kăl ma tunh pơngai đêl sit lơ̆m ka pên ao uy rơi tơ̆bôh trŏng kêt kăl ngơnh put ka sơđơ̆ng atoh păng hơpong đơ̆ng pơngai hơdoi păng plên teh,"Chắc vậy không chỉ là trang phục, mà còn thể hiện đức hạnh của người phụ nữ Mường. Đó là đạo hiếu với cha mẹ, sự chung thủy trong quan hệ vợ chồng và trách nhiệm làm mẹ, dạy con, nối dài các thế hệ. Điều khiến tôi tâm đắc nhất chính là chiều sâu lịch sử và phong tục ẩn chứa trong trang phục này. Nhiều người Mường vẫn chưa hiểu hết ý nghĩa vì sao mình lại mặc chiếc váy truyền thống này. Không chỉ mang ý nghĩa sâu xa, mà hoa văn được thêu dệt trên cạp váy còn phản ánh thế giới quan, niềm tin về sự sinh sôi, thịnh vượng và mối liên hệ giữa con người với thiên nhiên.","Perhaps it is not just a costume, but also expresses the virtue of Muong women. That is filial piety to parents, faithfulness in marital relationships, and the responsibility of being a mother, teaching children, and extending generations. What I find most satisfying is the historical depth and customs hidden in this costume. Many Muong people still do not fully understand the meaning of why they wear this traditional skirt. Not only carrying deep meaning, but the patterns woven on the skirt waistband also reflect the worldview, beliefs about reproduction, prosperity, and the connection between humans and nature.",be4bb33e8ea320991ad780da68291f8ba04611ce,train,pseudo_label,29.856
f0612e2b1e8aaf30b8b56a742322a7b1fe881153,nRgE1gTTGpA_19,train,https://huggingface.co/datasets/cuong06/Bahnar_Vietnamese/resolve/refs%2Fconvert%2Fparquet/default/train/0020.parquet,1121,nRgE1gTTGpA_19.flac,True,10.300000190734863,yt_55,yt_55,nrge1gttgpa,recording:nrge1gttgpa,record_id_prefix,medium,lơ̆m tơdrong pơthi tơgôm băl adok tơyung kinh tĕ chut bơ̆ng hoa tơ chur tơ hnu chơna arih đơ̆ng tim ŭnh nam kư̆ chuyên bênh apông mang yang ưh tơ̆ng để tơ plih,"Trong phong trào thi đua giúp nhau phát triển kinh tế, xóa đói giảm nghèo, đời sống của các gia đình cựu chiến binh huyện Mang Yang đã không ngừng được cải thiện.","In the emulation movement to help each other develop the economy, eradicate hunger and reduce poverty, the lives of veteran families in Mang Yang district have been continuously improved.",d40f59ae6a64f89862f7a0ed32c70e0f3641ee48,train,pseudo_label,10.304
78d22bce01ed0279fe495287119c982369f58db2,NypwkeAXvGc_2,train,https://huggingface.co/datasets/cuong06/Bahnar_Vietnamese/resolve/refs%2Fconvert%2Fparquet/default/train/0047.parquet,1505,NypwkeAXvGc_2.flac,True,4.21999979019165,yt_53,yt_53,nypwkeaxvgc,recording:nypwkeaxvgc,record_id_prefix,medium,bơ̆re kơ sô lưm pơm cheng pơtơm lung nơ đei kê hơđang kiơ̆ kăn nau pơdrong giĕt kăn,Tại một số địa phương đã bước đầu hoàn thành một số chỉ tiêu quan trọng.,"In some localities, some important indicators have initially been completed.",265aeb37ae4e1a5b1be723bb122bcbe1b69c83b0,train,pseudo_label,4.224
8922fe4e8f0e55972009e8151e6b2274f8f4c0ca,nz7cMKwVUJw_8,train,https://huggingface.co/datasets/cuong06/Bahnar_Vietnamese/resolve/refs%2Fconvert%2Fparquet/default/train/0043.parquet,1805,nz7cMKwVUJw_8.flac,True,11.970000267028809,yt_55,yt_55,nz7cmkwvujw,recording:nz7cmkwvujw,record_id_prefix,medium,anh được anh sa dinh chi hội bật thị trấn ga man cơ tên the gob chiên travong và adrian talê pơm kia băng dim canao bayinh dim tơno ani ato jơna ari ăn hội viên,"Thời gian tới, Chi hội sẽ tiếp tục duy trì hoạt động các buổi sinh hoạt, đồng thời tập trung xây dựng các mô hình hỗ trợ sinh kế cho hội viên.","In the coming time, the Branch will continue to maintain the activities of meetings, and at the same time focus on building livelihood support models for members.",0647781b1f1a75a1a24373ecabf0aada1c51fc27,train,pseudo_label,11.968
02e099ca27651cade3e864d711bd8babd4d7d61a,oguJ7BdCcpo_4,train,https://huggingface.co/datasets/cuong06/Bahnar_Vietnamese/resolve/refs%2Fconvert%2Fparquet/default/train/0032.parquet,922,oguJ7BdCcpo_4.flac,True,17.059999465942383,yt_45,yt_45,oguj7bdccpo,recording:oguj7bdccpo,record_id_prefix,medium,kon inh bơ̆ păng a ti đê pô teh đia klai kơ na trăng inh ta pig ta cho păng hla pơgăng bôh ray pơ ih ti thoi âu pŭn ae tơ pa inh tu hơm mau nhăk tơ hna pơgăng nhinh ti,"Chị Thảo Thị Lả, Xá Tả Lèng, Tam Đường, Lai Châu: Con tôi bị ngã chấn thương ở tay. Lúc đầu thì đỡ hơn một chút nhưng về sau hái thêm loại thuốc khác về băng bó nên mới sưng to như vậy. Rất may đã kịp thời đưa đến bệnh viện để điều trị.","Ms. Thao Thi La, Ta Leng commune, Tam Duong, Lai Chau: My child fell and injured his arm. At first, it was a little better, but later I picked another type of medicine to bandage it, so it swelled up like that. Very fortunate to have been taken to the hospital in time for treatment.",9062afab75511cf095af1c3fad206d4fa426f28d,train,pseudo_label,17.056
699e29213ab00c7f582e1d7f5b645a4e36bcc469,oKe8FnEHlYc_33,train,https://huggingface.co/datasets/cuong06/Bahnar_Vietnamese/resolve/refs%2Fconvert%2Fparquet/default/train/0020.parquet,1528,oKe8FnEHlYc_33.flac,True,11.140000343322754,yt_49,yt_49,oke8fnehlyc,recording:oke8fnehlyc,record_id_prefix,medium,mă a ta mă yok a kăn uh inh đây pêng đu kon buih bơ̆t ih kung đây ba tơ dŏng tơ tăm mă minh ly ư cơ tum chưa ngâm bran,"Lúc đó, tôi đã có một gia đình nhỏ với 3 con. Nhưng tôi vẫn quyết định xung phong vào miền Nam.","At that time, I already had a small family with 3 children. But I still decided to volunteer to go to the South.",fa30fab377e88610b015f47d7f5de508a03172dc,train,pseudo_label,11.136
58c107472b91a3a2ee76a928695123212402ef18,oohdCyUPRuk_12,train,https://huggingface.co/datasets/cuong06/Bahnar_Vietnamese/resolve/refs%2Fconvert%2Fparquet/default/train/0043.parquet,2226,oohdCyUPRuk_12.flac,True,12.350000381469728,yt_-1,yt_-1,oohdcyupruk,recording:oohdcyupruk,record_id_prefix,medium,te đã triển khai kháng mô hình kháu chén và kháu chi chóp thì đấy pinong dân pay bán chóng rất là ủng hộ và rất là chăm chí riêng,"Hiện nay, mô hình sản xuất bánh khẩu xén, chí chóp được bà con trên địa bàn ủng hộ và tích cực tham gia.","Currently, the model of producing khau xen and chi chop cakes is supported and actively participated in by the people in the area.",408988faf7f8b0f8f59dc0b356392fb03677b35e,train,pseudo_label,12.352
4a697e5e984c068b39d632922a0f48dbbd50c9b5,opg7vwUYW0U_4,train,https://huggingface.co/datasets/cuong06/Bahnar_Vietnamese/resolve/refs%2Fconvert%2Fparquet/default/train/0043.parquet,2237,opg7vwUYW0U_4.flac,True,11.8100004196167,yt_55,yt_55,opg7vwuyw0u,recording:opg7vwuyw0u,record_id_prefix,medium,'nara jin sin khay jit munh sơnăm minh rơpâu sinh rêng trâu jit đăm rim ơ tăt mi hơtuch hlui kơ tâu klaih thŭng thŏng jadrăng truh 'nara băt jin trâu khay jit munh sơnăm minh rơpâu sinh rêng trâu jin đăm,"Ngày 19/11/1965, những tàn quân Mỹ cuối cùng đã rút khỏi thung lũng Ia Drăng. Đến ngày 26/11/1965, chiến dịch Plei Me kết thúc.","On November 19, 1965, the last remaining US troops withdrew from the Ia Drang valley. By November 26, 1965, the Plei Me campaign ended.",866c83295c2603b1897fd864350e438029ff6d97,train,pseudo_label,11.808
0c2cb6dad10e3573345c55b4dca740fff95efe51,oqCDikiw9bE_1,train,https://huggingface.co/datasets/cuong06/Bahnar_Vietnamese/resolve/refs%2Fconvert%2Fparquet/default/train/0032.parquet,1000,oqCDikiw9bE_1.flac,True,22.43000030517578,yt_24,yt_24,oqcdikiw9be,recording:oqcdikiw9be,record_id_prefix,medium,uñ hnam yak nguên thih thin thao pơtơm rong yăr tương snam ba rơpô ba jêt buh 'nhăk ăn kươh pơyuơ kơ chung uñ hnam tuh sang pơtơm pơ war kron kơ chăp a tok cha rong păng đây truh mênh rơpô pêng hrĕng to kon lơ đe kon pơlê năng âu chi tơ trong tro tơ yơ̆ng kơ na cha pơsrăm păng pơ chang chơ wa kơ a tok pô yok,"Gia đình bà Nguyễn Thị Thanh Thảo bắt đầu nuôi gà từ năm 2020. Nhận thấy mang lại hiệu quả kinh tế cao, gia đình đã đầu tư xây dựng chuồng trại kiên cố, phát triển đàn gà với quy mô 1.300 con. Nhiều người dân xem đây là mô hình phù hợp nên học tập, làm theo để nâng cao thu nhập.","Ms. Nguyen Thi Thanh Thao's family started raising chickens in 2020. Realizing it brings high economic efficiency, the family invested in building solid barns and developing a flock of 1,300 chickens. Many people see this as a suitable model, so they learn and follow it to increase their income.",15eb16a561477ccfefbac4890da4a468912e8f12,train,pseudo_label,22.432
93852e2eba3e799cef3baffdf47251d82bd8ac57,p0DhIewFRf4_6,train,https://huggingface.co/datasets/cuong06/Bahnar_Vietnamese/resolve/refs%2Fconvert%2Fparquet/default/train/0044.parquet,13,p0DhIewFRf4_6.flac,True,15.68000030517578,yt_53,yt_53,p0dhiewfrf4,recording:p0dhiewfrf4,record_id_prefix,medium,hlơ̆i đei yua iŏk rim kơ sah lơong 'bơ̆t noh kư̆m hlơ̆i đei pơm rim kơ tơmmam păng pơm tơmmam 'noh kư̆m hlơ̆i đei wă pơm thoi lĕ rơ̆ hơmet minh đơ̆ng noh mă gơh pơm rim kơ tơmmam păng pơm pơkao brinh brunh,"Sáp ong được sử dụng làm nguyên liệu thêu phải là mật ong rừng. Sau khi tách mật, người ta sẽ lấy sáp bôi vào nồi nước rồi đun sôi, lọc lấy phần nước trong. Cô đặc lại phần nước trong đó để nguội, sau ba ngày sẽ đóng lại thành khối sáp mịn màu vàng.","The beeswax used as embroidery material must be wild honey. After separating the honey, people will apply the wax to a pot of water and boil it, filtering to get the clear water. Condense that clear water and let it cool; after three days, it will solidify into a block of smooth yellow wax.",f6f7076c1711ecbf43bf76d5c8f53a21f61b9598,train,pseudo_label,15.68
1aaef4fadec8fd90e3aee305a927ed6783f0d138,p2jer1kNLjI_6,train,https://huggingface.co/datasets/cuong06/Bahnar_Vietnamese/resolve/refs%2Fconvert%2Fparquet/default/train/0020.parquet,1754,p2jer1kNLjI_6.flac,True,21.09000015258789,yt_55,yt_55,p2jer1knlji,recording:p2jer1knlji,record_id_prefix,medium,đơ̆ng sơnam bar bô băt yơ trâu kơ jơ̆t khuan thuê̆ păng đim ŭnh nam tĕch mơ tro đây chŭt tuh păng tơ plih tơ trong roi tơ buh păng thuê̆ kiơ̆ tơ trong pơm chăng tơ trong nâu đây kơ jơ̆t chua yŏk lap ăt đinh tư kiơ̆ kơ đây mă kơ khuan thuê̆ păng đim lap ara đinh tư păng kơ mă tinh chên chua yŏk kit kăl pơ nhŏ kiơ̆ kơ wêh lăng thuê̆ kiơ̆ kơ nau nau,"Từ năm 2026, quy định khoán thuế đối với hộ và cá nhân kinh doanh sẽ bị xóa bỏ, thay bằng cơ chế tự khai, tự nộp thuế theo phương pháp trực tiếp. Các đối tượng này bắt buộc phải sử dụng hóa đơn điện tử có mã của cơ quan thuế. Việc áp dụng hóa đơn điện tử từ máy tính tiền là giải pháp quan trọng để đáp ứng yêu cầu quản lý thuế theo cơ chế mới.","From 2026, the regulation on presumptive tax for business households and individuals will be abolished, replaced by a mechanism of self-declaration and self-payment of tax according to the direct method. These subjects are required to use electronic invoices with codes from the tax authority. The application of electronic invoices from cash registers is an important solution to meet tax management requirements under the new mechanism.",317a01865b0054d09489bea872ed9a74ffd81c27,train,pseudo_label,21.088
2679993f5373b0b217899bf8d6665fb5072490bb,P6f7V09aS8Y_3,train,https://huggingface.co/datasets/cuong06/Bahnar_Vietnamese/resolve/refs%2Fconvert%2Fparquet/default/train/0016.parquet,131,P6f7V09aS8Y_3.flac,True,18.209999084472656,yt_45,yt_45,p6f7v09as8y,recording:p6f7v09as8y,record_id_prefix,medium,đăm sơnăm ô sơ pơm kia tơdrơng sơ jang ga jên tri dôm tăl pơgơ̆r tơ đe kŏn plê du tơ tơdrơng bơ jang dâng trung ươ̆ng khul pô meh vietnam đê pô meh tơ char kŏn tươm lươ̆ng cha trŏng tơ guăt tê bal hơbi nau tơdrơng bơ jang pơlŏng păt kơ te đak,"Trong 05 năm qua, bám sát vào nhiệm vụ chính trị của cấp ủy, chính quyền địa phương, cũng như Trung ương Hội Phụ nữ Việt Nam, các cấp Hội Phụ nữ trên địa bàn Kon Tum đã phát huy tinh thần chủ động, sáng tạo, để triển khai các phong trào thi đua yêu nước.","Over the past 05 years, adhering to the political tasks of the local party committee and government, as well as the Vietnam Women's Union Central Committee, Women's Union levels in Kon Tum have promoted a proactive and creative spirit to implement patriotic emulation movements.",4906b287dae9fb115faa572bfa7142f03e3e8ee7,train,pseudo_label,18.208
20308d8eae38147f8288f41f3bafab883a2c9fa9,POODxgC94IY_4,train,https://huggingface.co/datasets/cuong06/Bahnar_Vietnamese/resolve/refs%2Fconvert%2Fparquet/default/train/0047.parquet,1603,POODxgC94IY_4.flac,True,26.18000030517578,yt_53,yt_53,poodxgc94iy,recording:poodxgc94iy,record_id_prefix,medium,chi bô̆ hlôi đây pơgơ̆r hôp ơ kŏm khŭl pơm jăng lơ̆m nóh hlôi đây pơjao lơ̆m rim kơ tơdrong wêh lăng đơ̆ng chi bô̆ linh lăng hơtoi lơ̆m người hơpong hôp ơ kŏm roi tơ buh lơ̆m kơ pơlê adrin hŏk pơhrăm lơ̆m pơm jăng mơ̆t lơ̆m khŭl đăng rim chi bô̆ hơmĕt minh lơ̆ng kia kơ nau đơ̆ng minh truh kơ bar hlôi đây mơ̆t lơ̆ng kơ bơngai kon gông,"Đảng bộ chỉ đạo họp Ban chấp hành và giao cho các đồng chí phụ trách các Chi bộ thường xuyên dự và sinh hoạt. Tuyên truyền cho quần chúng còn trẻ cố gắng học tập để phấn đấu đứng trong hàng ngũ của Đảng. Các Chi bộ đã đạt được chỉ tiêu từ 1-2 đồng chí kết nạp trong những năm vừa qua. Là địa phương có đông đồng bào dân tộc thiểu số,","The Party Committee directs the Executive Committee meetings and assigns comrades in charge of Party cells to regularly attend and participate in activities. Propagandize for young masses to try to study to strive to stand in the ranks of the Party. The Party cells have achieved the target of 1-2 comrades admitted in recent years. As a locality with many ethnic minorities,",41e0903618c1a4b31249cf495e47dae3ccafc308,train,pseudo_label,26.176
2bb775b14378affb1e3ef0c896f9ffdbd743aba4,q8HYWyz29sg_36,train,https://huggingface.co/datasets/cuong06/Bahnar_Vietnamese/resolve/refs%2Fconvert%2Fparquet/default/train/0049.parquet,113,q8HYWyz29sg_36.flac,True,19.739999771118164,yt_55,yt_55,q8hywyz29sg,recording:q8hywyz29sg,record_id_prefix,medium,tơ trong pơtăm long pơm pơro athei adrin hơbĕch đây chut nhe đui săn năm đơ̆ng nghệ nhân long nhen chăn rơari đơ̆ng rim pơngay đây rơ nhưng long păng tơ beng long đây rơ tơnơm mă kơ chăp lây long mă blu ching mênh long mă kơ loi mênh tơ bleng lêng đây mênh chăn ne kơ trô,"Việc trồng cây thế đòi hỏi sự kiên trì, khéo léo, công phu, tỉ mỉ và kinh nghiệm lâu năm của nghệ nhân. Cây thế giống như cuộc đời của mỗi con người, gồm có gốc, rễ, thân và cành lá. Cây có vững, rễ bén gốc thì mới khỏe cành, xanh ngọn. Mỗi cây, thậm chí mỗi cành của cây thế đều mang một ý nghĩa riêng.","Growing bonsai requires perseverance, skill, meticulousness, and many years of experience of the artisan. Bonsai is like the life of each person, including roots, trunk, and branches and leaves. If the tree is stable, the roots are rooted, then the branches will be healthy and the leaves will be green. Each tree, even each branch of the bonsai, carries its own meaning.",869bbc1c92938b706390ade0c5fbd748894a37bd,train,pseudo_label,19.744
2488037e216b222e9238fd0f693f7561f221068a,qdjPyBGkYis_1,train,https://huggingface.co/datasets/cuong06/Bahnar_Vietnamese/resolve/refs%2Fconvert%2Fparquet/default/train/0020.parquet,2026,qdjPyBGkYis_1.flac,True,20.770000457763672,yt_55,yt_55,qdjpybgkyis,recording:qdjpybgkyis,record_id_prefix,medium,drim ging mơ̆t khung chơ kơ chơ̆t công ang phương hoa khánh đi pơgơ̆r păng sương york kon plê pơm la pơar đê kênh sát đi pơchao pơm chang la pơar pao tho tơ bú pơm kia tơ trong pơm chang hành chính hơn lên đá kê lơi choa ăn kon plê ưa đê kia tơ nap ta păng tơ lác,"Hàng tuần, vào khung giờ cố định, Công an phường Hòa Khánh sẽ tổ chức các điểm tiếp dân ngay tại khu dân cư. Cảnh sát khu vực được phân công trực tiếp nhận hồ sơ, hướng dẫn người dân thực hiện các thủ tục hành chính cụ thể, rõ ràng. Rất có lợi cho nhân dân và không có khó khăn, trở ngại gì.","Weekly, at a fixed time frame, Hoa Khanh Ward Police will organize citizen reception points right at the residential area. The area police are assigned to directly receive documents, guide people to carry out administrative procedures specifically and clearly. Very beneficial for the people and there are no difficulties or obstacles.",458090370055bc2ee5d8e0b954660bd083c944a3,train,pseudo_label,20.768
068f787a889cdb7108a7ed10b8a8d7911e0c351c,qjRJ6J_MsjE_12,train,https://huggingface.co/datasets/cuong06/Bahnar_Vietnamese/resolve/refs%2Fconvert%2Fparquet/default/train/0020.parquet,2050,qjRJ6J_MsjE_12.flac,True,14.460000038146973,yt_55,yt_55,qjrj6j_msje,recording:qjrj6j_msje,record_id_prefix,medium,mênh băng nâu gĭt găl wă gô yŏk akăn ăn kăn sâu rim băng pok bêng pơkok ăn kăn sâu pok yê bar tok bêng yê nâu rêô inh bây bêr pươm kươ̆ tơ trong pươm chăng chơ̆t chơi được bŏng yă sơ lê̆ ăn kăn sâu,"Bánh báng có ý nghĩa để đi hỏi vợ cho cháu con. Mỗi lần đi làm bánh báng hỏi vợ cho cháu con, cần gói 12 bánh báng này. Hiện nay mình vẫn duy trì theo phong tục của ông cha đời xưa để lại cho các con các cháu.","The 'bang' cake has the meaning of going to ask for a wife for the children and grandchildren. Every time we go to make 'bang' cake to ask for a wife for the children and grandchildren, we need to wrap 12 of these 'bang' cakes. Currently, I still maintain the customs of the ancestors left for the children and grandchildren.",81fca2abe5687c70ca315fd4b3a696cac26e54f4,train,pseudo_label,14.464
327171828b8c6b000535d103f906f9bb2be0e5b1,Qjw4QaFpm1w_6,train,https://huggingface.co/datasets/cuong06/Bahnar_Vietnamese/resolve/refs%2Fconvert%2Fparquet/default/train/0049.parquet,2229,Qjw4QaFpm1w_6.flac,True,12.899999618530272,yt_33,yt_33,qjw4qafpm1w,recording:qjw4qafpm1w,record_id_prefix,medium,ơ kơ pơđĭ kơ sô̆ jên sang đê teh tơlĭch lơm teh bơ̆ lơ ani tơ sah dja đel kiơ̆ kơ tơdrong tơ yung đê kon plêh blih 'nao lo 'ba jit pêng rơtăl hlak lơm noh kơ sô̆ jên đê kon plêh teh tơ ra lo puăn hơrêng rơtuh hlak,"Tổng số vốn đầu tư các công trình kết cấu hạ tầng trên địa bàn xã Ia Dal trong chương trình nông thôn mới hơn 23 tỷ đồng; trong đó, số tiền người dân đóng góp hơn 400 triệu đồng.","The total investment capital for infrastructure works in Ia Dal commune under the new rural program is more than 23 billion VND; in which, the amount contributed by the people is more than 400 million VND.",90905c9ee3fef99a527da5b44b19ef53ccfb0877,train,pseudo_label,12.896
25aae21d645fea01ab4bb4eabbdb30b726b2b2a6,QnbiBL6iD9Q_20,train,https://huggingface.co/datasets/cuong06/Bahnar_Vietnamese/resolve/refs%2Fconvert%2Fparquet/default/train/0047.parquet,1853,QnbiBL6iD9Q_20.flac,True,15.260000228881836,yt_45,yt_45,qnbibl6id9q,recording:qnbibl6id9q,record_id_prefix,medium,tơ ring krao tơ kơi tơ mơ̆ni pơchăng pơdrong sati păng đe kon plê huang tơ num tơ gươm uy hnam hên tơ nuh pa kăn hăp đe hnam uy nau 'lơ̆ng ô tu chi tơ drong pơchăng tơ pă tơ num sơnong tơ nhur uy hnam hên tơ nuh tơ đe kon plê,"Đây là hoạt động thiết thực vừa góp phần giảm tỷ lệ hộ nghèo đa chiều trên địa bàn, vừa thể hiện tinh thần đoàn kết, tương thân, tương ái của người Việt Nam trong xây dựng, phát triển kinh tế-xã hội địa phương.",This is a practical activity that both contributes to reducing the multidimensional poverty rate in the area and demonstrates the spirit of solidarity and mutual affection of the Vietnamese people in building and developing the local socio-economy.,57f55a1726addd0b1e608a3a05098c0135611fd8,train,pseudo_label,15.264
478ec7a3a5bf25169fd1c463fe70d191039392be,qNZUfyD6gwE_6,train,https://huggingface.co/datasets/cuong06/Bahnar_Vietnamese/resolve/refs%2Fconvert%2Fparquet/default/train/0020.parquet,1990,qNZUfyD6gwE_6.flac,True,10.979999542236328,yt_55,yt_55,qnzufyd6gwe,recording:qnzufyd6gwe,record_id_prefix,medium,tơ kơ sih đây doa rơng ngược yuộc lâm đêm nặng hè đây păt lu bất tru sa phìn bằng đêm nam lượp bằng lạc cọ lừng,"Không chỉ được hưởng không khí mát mẻ giữa những ngày hè, điểm dễ nhận biết khi đặt chân đến Xà Phìn là những mái nhà lợp lá cọ phủ dày rêu phong.","Not only enjoying the cool air in the middle of summer days, the easily recognizable point when setting foot in Xa Phin is the palm-leaf thatched roofs covered with thick moss.",4792a77b48f0b77813b39b9e88100e7e8496f14b,train,pseudo_label,10.976
4d886c897c527ffeadc819ed7f04bb35dc049959,QODw-KpcgKM_3,train,https://huggingface.co/datasets/cuong06/Bahnar_Vietnamese/resolve/refs%2Fconvert%2Fparquet/default/train/0047.parquet,1773,QODw-KpcgKM_3.flac,True,18.020000457763672,yt_55,yt_55,qodw-kpcgkm,recording:qodw-kpcgkm,record_id_prefix,medium,sah tơ tŭm đây loi mi bô pêng hơreng đăm jât uih hnam wă je tơ rơh hơmbông măn pơngay yu pơm 'lơ̆ng măng trô pơjêng plê pla nau kon plê hơdoi asŏng teh tơgŏp kŏng jên pơm jăng pơm trŏng pơjêng rim ani pơm jăng pơm tơ̆ng pơjêng rim ani pơm jăng pơm tơ̆ng pơm plê pơjêng plê pla nau thoi kơ dăng ay,"Xã Tơ Tung có hơn 1.350 hộ, với gần 6.000 khẩu, hưởng ứng phong trào xây dựng nông thôn mới, người dân tham gia hiến đất, góp công sức, tiền của để làm đường giao thông, xây dựng các công trình phục vụ cộng đồng, tạo nên diện mạo nông thôn mới hôm nay.","To Tung commune has more than 1,350 households, with nearly 6,000 people, responding to the movement of building new rural areas, the people participate in donating land, contributing labor and money to build roads, build works serving the community, creating the new rural appearance of today.",020e4dde1125ba4590df391130592a3174a58476,train,pseudo_label,18.016
fee2c96f5ac71b8af0121c356fdba1a54b8b8067,ROM_01_002,train,https://huggingface.co/datasets/cuong06/Bahnar_Vietnamese/resolve/refs%2Fconvert%2Fparquet/default/train/0001.parquet,305,ROM_01_002.flac,True,8.15999984741211,KT_0,KT_0,rom_01,recording:rom_01,record_id_prefix,medium,Hơdrol kơ Yêsu jur sơ̆ 'Bok Kei-Dei ăn kơ lu bơngai pơtruh nơ̆r Sư chih roi lê̆ hơdrol tơdrong noh tơ lăm sơ̆p hla bơar Sư.,Đức Chúa Trời đã hứa Phúc Âm này từ xưa trong các sách tiên tri của Thánh Kinh.,God promised this Gospel long ago through the prophets in the Scriptures.,c7d1ce8473ec36330c98fb90bdc47e4243fcb3aa,train,pseudo_label,8.1580625
a4dd66b35c13f1b2f7225d7a3d5f66a615a35062,RVEHpmKOHjU_8,train,https://huggingface.co/datasets/cuong06/Bahnar_Vietnamese/resolve/refs%2Fconvert%2Fparquet/default/train/0016.parquet,977,RVEHpmKOHjU_8.flac,True,11.84000015258789,yt_49,yt_49,rvehpmkohju,recording:rvehpmkohju,record_id_prefix,medium,chưa inh mã khan được đồng chăng cây giờ không athay hư chanh mê hơvă athay addin ya mê bằng addin buông cư bơm đi chanh ư cơ trội inh,"Theo tôi, bất cứ ngành nghề nào cũng cần có đam mê, sự cố gắng và kiên trì. Nếu thật sự yêu thích và nỗ lực, ai cũng có thể thành công, không riêng gì tôi.","According to me, any profession needs passion, effort, and perseverance. If one truly loves and makes an effort, anyone can succeed, not just me.",0d371c3cc7ac9a5437819893460e62ce03a9625c,train,pseudo_label,11.84
6a91d8d5bdbd0213198f71d35f0851de1545093f,RWrnRr1Qz0g_42,train,https://huggingface.co/datasets/cuong06/Bahnar_Vietnamese/resolve/refs%2Fconvert%2Fparquet/default/train/0029.parquet,595,RWrnRr1Qz0g_42.flac,True,19.6200008392334,yt_53,yt_53,rwrnrr1qz0g,recording:rwrnrr1qz0g,record_id_prefix,medium,sư kư̆m hlơ̆i đei keh kơ tơ nao tăp troi tơ 'bôh ăn kơ tơ trom mă đơ̆ng sư tơ 'bôh jok kơ tơ ei lơ̆i đei kơ chĕng wă sư đei đơ̆ng noh mă đei kria păr hơdoi 'bơ̆t noh hlơ̆i đei jur păng lăng păng krĕng prah trŏ 'blep noh kư̆m hlơ̆i đei krĕng prah 'bar năr bơ̆n puăt,"Năm 1964, nhiều cánh quân Mỹ được huy động đổ lên A Lưới để càn quét các điểm càn cũ. Bà Kan Lịch lúc này được giao nhiệm vụ chỉ huy 6 chị em du kích để thực hiện nhiệm vụ chiến đấu. Nhưng mà chúng tôi chưa được học cách bắn máy bay. Cũng rất khó. Nhưng chúng tôi sẽ thực hiện. Tôi hứa với cấp trên! Tôi nói là tôi sẽ có cách.","In 1964, many US military wings were mobilized to land on A Luoi to sweep old sweep points. Ms. Kan Lich was then assigned the task of commanding 6 guerrilla sisters to carry out combat missions. But we hadn't learned how to shoot down planes. It was also very difficult. But we will do it. I promised my superiors! I said I would have a way.",e90d9666aca6663764d16f8c9c4b4063b52901d3,train,pseudo_label,19.616
11dcbad981bbaad44c44f8bc0b9cb3e3a7f9a5f5,S7Tvc8Yy5g8_20,train,https://huggingface.co/datasets/cuong06/Bahnar_Vietnamese/resolve/refs%2Fconvert%2Fparquet/default/train/0029.parquet,790,S7Tvc8Yy5g8_20.flac,True,14.300000190734863,yt_45,yt_45,s7tvc8yy5g8,recording:s7tvc8yy5g8,record_id_prefix,medium,băng ru tơ anh tơ plat tơ nơ bơ̆n tu pơlê̆ aria tơ lôch ma nhang đei đăn trung che băt băng pung kơ tơ̆ng khăn hươ̆ch kơ nhŏng ba ti nhŏng ba nhŏng ba nhŏng ba nhŏng ba tơ tơ lơ̆ng nhŏng đây cha bơma pơsô,"Thế làm sao bảo yêu anh Bá mà? Anh Bá đâu mà anh Bá, chỉ cứ nghe chúng nó nói huyên thuyên.","Then why did you say you loved Mr. Ba? What Mr. Ba, which Mr. Ba, you just listen to them talking nonsense.",b7292b1c670915f1628b26ba9eb5f3d8811edfba,train,pseudo_label,14.304
b9295b4c2d5acbd933d51772c31178fe07e91ea9,SAGTANOnXI__22,train,https://huggingface.co/datasets/cuong06/Bahnar_Vietnamese/resolve/refs%2Fconvert%2Fparquet/default/train/0029.parquet,930,SAGTANOnXI__22.flac,True,16.420000076293945,yt_45,yt_45,sagtanonxi_,recording:sagtanonxi_,record_id_prefix,medium,adroi sơ bơ̆t cha hươi ti băl pơ̆n ui a tơnuh ŭnh du cha pơma pơma cha pralưm ŭnh nam pha kơ phao ti băl kơ dơ ti pơ̆n du cha pơ ti wa phao lo,"Ngày trước yêu nhau thì buổi tối cũng ngồi trong bếp lửa tâm tình thì cứ nói vần về hoàn cảnh, gia đình nhau từ đó hiểu nhau hơn. Ngại ngùng nên cứ phải mượn câu nói vần để hiểu nhau nhiều hơn.","In the past, when in love, in the evening, sitting by the fire, confiding, they would speak in rhymes about their situation, family, from there understanding each other better. Shy, so they had to borrow rhyming sentences to understand each other more.",72dc30bf194f3702c6e7fddf02b7601c57dd08c4,train,pseudo_label,16.416
494ed90b9c653575aedbe1abdeabd9d01f4b978d,Sio0S9fTBEs_23,train,https://huggingface.co/datasets/cuong06/Bahnar_Vietnamese/resolve/refs%2Fconvert%2Fparquet/default/train/0023.parquet,996,Sio0S9fTBEs_23.flac,True,27.649999618530273,yt_55,yt_55,sio0s9ftbes,recording:sio0s9ftbes,record_id_prefix,medium,'bơ̆t anih ngui tơmang bri teh khe nư̆c lăch đây lơ nhŏng ŏs lơ̆m bơ̆ngay wơ̆n giu tơbŏk wei arih kơ nha pơy chi klah rĕng pơm chang lơ̆m anih 'bơ̆t tơring 'bơ̆t anih bri teh khe nư̆c lăch mĭch anih đei tơgŏ pơ̆a tŏk ngui tơmang 'bơ̆t char hơdoi 'noh pơ nhŏ pơm chang ăn kiơ̆ kơ bơ̆ngay adeh kon gông lơ̆m tơring,"Tại khu du lịch sinh thái Khe Nước Lanh, có đông anh chị em dân tộc Bru-Vân Kiều đang sinh sống nên 70% nhân sự đang làm việc trong khu sinh thái đều là người dân bản địa. Khu du lịch sinh thái Khe Nước Lanh đóng góp quan trọng vào sự phát triển của ngành du lịch tỉnh. Đồng thời là nơi cung cấp việc làm và kế sinh nhai cho anh chị em dân tộc thiểu số bản địa.","At Khe Nuoc Lanh Eco-tourism Area, there are many Bru-Van Kieu ethnic brothers and sisters living there, so 70% of the personnel working in the eco-tourism area are local people. Khe Nuoc Lanh Eco-tourism Area contributes significantly to the development of the province's tourism industry. At the same time, it is a place to provide jobs and livelihoods for local ethnic minority brothers and sisters.",06619b51dc22a1fa773d9cd5acda38254538d2dc,train,pseudo_label,27.648
700a6e051257f1a78b34a5d77e7edeeb44799706,T4BZ3qHdXpc_39,train,https://huggingface.co/datasets/cuong06/Bahnar_Vietnamese/resolve/refs%2Fconvert%2Fparquet/default/train/0029.parquet,1210,T4BZ3qHdXpc_39.flac,True,26.11000061035156,yt_55,yt_55,t4bz3qhdxpc,recording:t4bz3qhdxpc,record_id_prefix,medium,khŭl kơp ui 'no bơhngol đơ̆ng rim chi bộ kơp ui đây đon tơchĕng tơtrong jăng chơhngơm đon ching tri lây gô akom păng atok tơtrong jăng đơ̆ng đăng win atok pran kơtang đơ̆ng chi bộ đăng kơ băng tơpok nhô tru pơying khŭl kơp ui đơ̆ng lĕm gơh gây pơm tơtrong wă pơying rim chi bộ đăng khŭ lu tơpol đăng gơsơ tơpă wêh lăng ăn kon plê yua kon plê,"Đội ngũ cấp ủy chính là “linh hồn”, cấp ủy có trình độ nghiệp vụ, lý luận chính trị, nhiệt tình, trách nhiệm thì sẽ tập hợp và phát huy được năng lực, sở trường của đảng viên, phát huy được sức mạnh của chi bộ Đảng. Kbang đang hướng đến xây dựng đội ngũ cấp ủy chất lượng, bản lĩnh, làm nền tảng để xây dựng các chi bộ Đảng, tổ chức Đảng cơ sở thực sự lo cho dân, vì dân.","The party committee staff is the ""soul"", if the party committee has professional qualifications, political theory, enthusiasm, and responsibility, it will gather and promote the capacity and strengths of party members, and promote the strength of the Party cell. Kbang is aiming to build a quality and brave party committee staff, serving as a foundation to build Party cells and grassroots Party organizations that truly care for the people and are for the people.",899263a25e6ec6c4f93518497eaccf630d4af91b,train,pseudo_label,26.112
949179ade8ba25af9145fdf43edfe059ae42a4f1,T__aGQAQCMA_4,train,https://huggingface.co/datasets/cuong06/Bahnar_Vietnamese/resolve/refs%2Fconvert%2Fparquet/default/train/0047.parquet,2234,T__aGQAQCMA_4.flac,True,24.579999923706055,yt_55,yt_55,t__agqaqcma,recording:t__agqaqcma,record_id_prefix,medium,đương trŏng lê sơmah rim pơngay lơm kâu lăk bôk ching chêng plê ama dương lui hơdoi băl tôn ching chêng păng hơyun soang đă chơt tơmuk ching chêng đê drâu doi đê klŏk sinh doi ưh kơ đê klŏk pon jit bla pên ao chray păng minh sô brŏ jơt jê păng sơmuk ching chêng đao âu rim pơngay lơm kâu lăk bôk gô trên pơtơp loi păng wê wêr păng atop phân hoa kon kung,"Ngay sau lễ cúng, các thành viên trong Câu lạc bộ cồng chiêng Jrai buôn Ama Djong đã cùng nhau đánh chiêng và hòa cùng vòng xoang uyển chuyển. Bộ chiêng mới gồm 6 chiêng núm, 9 chiêng bằng, 40 bộ đồng phục truyền thống Jrai và một số nhạc cụ dân tộc truyền thống. Với bộ chiêng mới này, các thành viên trong câu lạc bộ sẽ hăng say tập luyện hơn, góp phần bảo tồn và phát huy bản sắc văn hóa của dân tộc.","Immediately after the offering ceremony, the members of the Jrai gong club of Ama Djong village played the gongs together and blended into the graceful xoang circle. The new gong set includes 6 knobbed gongs, 9 flat gongs, 40 sets of traditional Jrai uniforms, and a number of traditional ethnic musical instruments. With this new set of gongs, the members of the club will practice more enthusiastically, contributing to preserving and promoting the cultural identity of the ethnic group.",90f2e68cd69ff06dc1161eec4e338fcd8bb8cae1,train,pseudo_label,24.576
2d44799ba2994ef6012c736c785acd22764bdee0,T_wbEULgNi0_30,train,https://huggingface.co/datasets/cuong06/Bahnar_Vietnamese/resolve/refs%2Fconvert%2Fparquet/default/train/0047.parquet,2268,T_wbEULgNi0_30.flac,True,2.8499999046325684,yt_35,yt_35,t_wbeulgni0,recording:t_wbeulgni0,record_id_prefix,medium,tơ trŏng tăng kăn chi mă đơ̆ch nây,"Với sự vào cuộc của cả hệ thống chính trị và nhân dân, công tác phòng chống dịch bệnh mới đạt hiệu quả.","With the involvement of the entire political system and the people, disease prevention and control work can be effective.",17f0d8bc1580da5de3b7abd5c980ab2bc289fb59,train,pseudo_label,2.848
53701addd6a9eaf15828805f2cb6e408da8dae23,Tdp7ZsdpGQ0_0,train,https://huggingface.co/datasets/cuong06/Bahnar_Vietnamese/resolve/refs%2Fconvert%2Fparquet/default/train/0040.parquet,17,Tdp7ZsdpGQ0_0.flac,True,14.020000457763672,yt_53,yt_53,tdp7zsdpgq0,recording:tdp7zsdpgq0,record_id_prefix,medium,kơ kuh kon pơlây păng đơ̆ng bôl krao pơi kon pơlây păng đơ̆ng bôl lăng nhân roi tơ bôh năr bah na rơlơm đay trunh hinh vietnam đơ̆ng drong minh kơ pơyan đui đay đơ̆ng ji kơ wit jet sin kah tơ drong pơtŭp akâu akar lôi đây tơ bŏk atŏk pơran bơđe lơ kơ trương,"Kính chào quý vị và các bạn! Mời quý vị và các bạn theo dõi Chương trình tiếng Ba Na của Đài Truyền hình Việt Nam. Sau một thời gian dài chịu tác động bởi dịch Covid-19, phong trào thể thao đang được đẩy mạnh tại nhiều trường học.","Greetings to all viewers! We invite you to follow the Ba Na language program of Vietnam Television. After a long period of being affected by the Covid-19 pandemic, the sports movement is being promoted in many schools.",e4f433030eac2494d93dff5e8646effdc0b78ceb,train,pseudo_label,14.016
77a2245048c6edaf2c50c1e82aa245cae8398bdd,TEFr9QfcIk__9,train,https://huggingface.co/datasets/cuong06/Bahnar_Vietnamese/resolve/refs%2Fconvert%2Fparquet/default/train/0029.parquet,1220,TEFr9QfcIk__9.flac,True,12.380000114440918,yt_49,yt_49,tefr9qfcik_,recording:tefr9qfcik_,record_id_prefix,medium,puñ hnam 'bok hô wăn sut păng yă hô thi nê wă je hơdunh pơlêh lăng loan mă khan hloi dôm sơnăm sơmă ah 'bok suih păng yă nê uy nap ưh gơh yơ̆t uy uy tơ pơlêh so păng lơ̆ng,"Gia đình ông Hồ Văn Suốt, bà Hồ Thị Nê ở gần cuối làng Lãng Loan. Dù đã nguôi ngoai đi nhiều, nhưng ông Suốt bà Nê vẫn khó quên được nỗi đau hồi ở làng cũ.","The family of Mr. Ho Van Suot and Mrs. Ho Thi Ne is near the end of Lang Loan village. Although it has subsided a lot, Mr. Suot and Mrs. Ne still find it hard to forget the pain from the old village.",b19e81785fcd5ad5a0144027117b68212e4b9a67,train,pseudo_label,12.384
5ced645ac35c46a9f89cee869665d0f2ff1ef4f6,TIT_02_007,train,https://huggingface.co/datasets/cuong06/Bahnar_Vietnamese/resolve/refs%2Fconvert%2Fparquet/default/train/0001.parquet,751,TIT_02_007.flac,True,11.59000015258789,KT_0,KT_0,tit_02,recording:tit_02,record_id_prefix,medium,Păng ih kơdih athei pơm 'lơ̆ng tơpăt lăm tôm tơdrong wă kơ lu bơngai lui pơm kiơ̆ thoi ih. Ih bơtho đe mă trŏ pơm mă khuơ̆ khuơ̆ wă kơ đe lăng bơ̆n bơtho tơpă.,"Chính con hãy làm gương sáng về các việc lành. Trong mọi việc, con hãy chứng tỏ tinh thần ngay thật và nghiêm chỉnh.","You yourself should set a good example in all good deeds. In everything you do, demonstrate honesty and discipline.",18f72e227ab5d5d904bc65fd95552d2d5284a356,train,pseudo_label,11.5869375
fca0e3ab0cc18a2ee9e84e5329ce317f7a358623,TJZh7M2To2w_15,train,https://huggingface.co/datasets/cuong06/Bahnar_Vietnamese/resolve/refs%2Fconvert%2Fparquet/default/train/0029.parquet,1268,TJZh7M2To2w_15.flac,True,8.0600004196167,yt_53,yt_53,tjzh7m2to2w,recording:tjzh7m2to2w,record_id_prefix,medium,đơ̆ng nó mă lăng jayh hlo dâng lơ̆m trin tơdrŏm tơdriu tơ nuh hơơn bơ̆n nê kơdrô̆ pơm chăng gơh hơgây lơ̆m atŏk pơm bơ̆n trŏ blep,"Đồng thời, nhân rộng các mô hình giảm nghèo, biểu dương cá nhân điển hình trong vươn lên làm giàu chính đáng.","At the same time, replicate poverty reduction models, commend typical individuals in rising up to get rich legitimately.",7830a7bf997371cdae04f11b44f93e2b993d0baa,train,pseudo_label,8.064
2d9b3656d2a14b9c9e641bff270ad71b70703dce,TLvcLx1AP9U_27,train,https://huggingface.co/datasets/cuong06/Bahnar_Vietnamese/resolve/refs%2Fconvert%2Fparquet/default/train/0047.parquet,2218,TLvcLx1AP9U_27.flac,True,11.68000030517578,yt_55,yt_55,tlvclx1ap9u,recording:tlvclx1ap9u,record_id_prefix,medium,gơh pơma khăn yu pơm chăng đơ̆ch nây rim ching say tơ churơ tơ nuh đơ̆ng trông ương đơ̆ng tring kơ na chơna rơ̆ arih kon plê mă kơ loch kon phương kon kông tring tơnap ta bơ̆ tơ nguên lui ơ to krơđa,"Nhờ thực hiện hiệu quả các chính sách giảm nghèo của Trung ương, của địa phương nên đời sống đồng bào dân tộc thiểu số vùng khó khăn tại Tây Nguyên đã được cải thiện và nâng cao rõ rệt.","Thanks to the effective implementation of poverty reduction policies of the Central and local governments, the lives of ethnic minorities in difficult areas in the Central Highlands have been significantly improved and enhanced.",14959b3c2730c153f179deab5a3241e5f2586cb4,train,pseudo_label,11.68
e3fe7b01f3cf6e5df1abf5f882255ae8b0ec8cb2,TNtNVso5_5w_16,train,https://huggingface.co/datasets/cuong06/Bahnar_Vietnamese/resolve/refs%2Fconvert%2Fparquet/default/train/0039.parquet,2238,TNtNVso5_5w_16.flac,True,28.100000381469727,yt_52,yt_52,tntnvso5_5w,recording:tntnvso5_5w,record_id_prefix,medium,pơpŭng hnam tơm 'bơ̆t 'bar pah păng 'bar tŏ pơpŭng 'bơ̆t 'bar kơ̆l hnam rim hnam đe chih chơ̆ păng pêng 'măng mơ̆t lĕch đây minh payh 'măng păng 'bar 'măng 'bơ̆t kơ̆l hnam wă sơđơ̆ng hiôk 'măng tơm đây lê̆ jê̆ hnam 'noh anih pơm sơmah đơ̆ng pơngaih rê oei tơ̆ hnam sư tơchĕng 'nâu anih năm wih wơ̆t đơ̆ng rim yang mơsêh,"Cửa chính đặt bên hông nhà là vị trí diễn ra các lễ cúng của người H're ở nhà, bởi họ quan niệm đây là nơi đi lại của các vị thần. Hai đầu của sàn nhà được gọi là hai đầu cha với khoảng không gian tách biệt với phía bên trong nhà là nơi chủ nhà tiếp đón khách.","The main door placed on the side of the house is the location where the H're people's worship ceremonies take place at home, because they believe this is the path for the gods to travel. The two ends of the house floor are called the two father ends with a space separated from the inside of the house, which is where the house owner receives guests.",d18ca466100f2dd91420951cfba6f61d64a6a7b8,train,pseudo_label,28.096
51d50b3715934d7b0470ffed2c56f99c7db4dd8b,Tong-hop-BAHNAR_12_1_2026_TL3157_new_81,train,https://huggingface.co/datasets/cuong06/Bahnar_Vietnamese/resolve/refs%2Fconvert%2Fparquet/default/train/0007.parquet,41,Tong-hop-BAHNAR_12_1_2026_TL3157_new_81.flac,True,19.229999542236328,yt_49,yt_49,tong-hop-bahnar_12_1_2026_tl3157_new,recording:tong-hop-bahnar_12_1_2026_tl3157_new,record_id_prefix,medium,minh pơngai jrai tim măng băng dơ̆ng tơ anăp mul bok hô inh bôh jơhngơ̆m đon jơ̆t hiôk khŭng băt lôh kơ lia kiơ lơ̆m rim khei đar tơnap ta ploh kon pli ninh jơhngơ̆m minh đon kiơ̆ đang kiơ̆ bok hô yak akruh hơtuj lơ̆m tơdrong put lui băng lương rŏ,"Là người con Jrai, mỗi lần đứng trước Bác, tôi lại thấy lòng mình hạnh phúc đến vỡ òa. Và cũng hiểu vì sao trong những năm tháng gian lao nhất, đồng bào mình vẫn một lòng theo Đảng, theo Bác, đi đến tận cùng của niềm tin và lý tưởng.","As a Jrai child, every time I stand before Uncle, I feel my heart bursting with happiness. And I also understand why during the most arduous years, our compatriots still wholeheartedly followed the Party, followed Uncle, going to the very end of faith and ideals.",69c6cc4ceb5bbe9746826524616a5f0b961bb701,train,pseudo_label,19.232
29581b64b67d4009922ef4c215a5b9a3eab4c013,Tong-hop-BAHNAR_19_09_2025_TL3103_new_97,train,https://huggingface.co/datasets/cuong06/Bahnar_Vietnamese/resolve/refs%2Fconvert%2Fparquet/default/train/0007.parquet,957,Tong-hop-BAHNAR_19_09_2025_TL3103_new_97.flac,True,8.420000076293945,yt_53,yt_53,tong-hop-bahnar_19_09_2025_tl3103_new,recording:tong-hop-bahnar_19_09_2025_tl3103_new,record_id_prefix,medium,tơdrong madroi tơ'bôh nơ̆r bahnar đơ̆ng 'bao păng rơjêu bơdah rup jơlai apinh pơtơh 'bơ̆t âu bơnê kon pơlê păng đơbôl hlơi lăng nhôn tră droi pơkă tơ'bơ̆p lơ̆m 'măng tră droi đơ̆ng trăm tơ̆ng,"Chương trình Tổng hợp truyền hình tiếng Bahnar của Báo và PT, TH Gia Lai xin tạm dừng tại đây. Xin cảm ơn bà con và các bạn đã quan tâm theo dõi, xin chào tạm biệt và hẹn gặp lại trong chương trình sau.","The Bahnar Language Television General Program of Gia Lai Newspaper and Radio, Television would like to pause here. Thank you compatriots and friends for your interest and following, goodbye and see you again in the next program.",ce9110582c6c8aaab0ad46cd18ec9cc4fc37c465,train,pseudo_label,8.416
1bf8f27a6c95d5f0ee864308091c38785084de0d,Tong-hop-BAHNAR_19_12_2025_TL2926_new_66,train,https://huggingface.co/datasets/cuong06/Bahnar_Vietnamese/resolve/refs%2Fconvert%2Fparquet/default/train/0007.parquet,1114,Tong-hop-BAHNAR_19_12_2025_TL2926_new_66.flac,True,14.34000015258789,yt_52,yt_52,tong-hop-bahnar_19_12_2025_tl2926_new,recording:tong-hop-bahnar_19_12_2025_tl2926_new,record_id_prefix,medium,ơ kon play păng đapôl pơtŏk choh chang tơmơ̆t kong ngê̆ kơ jung tơpŏng jŭ truh zak halâu đei jim tơring lâu char lăng kit pơm kiơ̆ wă tơplih ngê̆ kuwêr đại hô̆ đang bộ kâp sah păng kâp char măng măng minh măng chaư bar hơpơ bajâng bar hơpơ pêng kit,"Thưa bà con và các bạn! Phát triển nông nghiệp ứng dụng công nghệ cao đang là hướng đi được các địa phương trong tỉnh Gia Lai chú trọng thực hiện nhằm cụ thể hóa Nghị quyết Đại hội Đảng bộ cấp xã và cấp tỉnh lần thứ I, nhiệm kỳ 2025 - 2030.","Dear people and friends! Developing high-tech application agriculture is a direction being focused on by localities in Gia Lai province to concretize the Resolutions of the Commune and Provincial Party Congresses for the 1st time, term 2025 - 2030.",f9a562e3c4e66b21efd9ead1ca2d997ba7059ed2,train,pseudo_label,14.336
cb225625d335a8c690885c0043006ae746ce9a80,Tong-hop-BAHNAR_8-12_2025_TL3049_new_64,train,https://huggingface.co/datasets/cuong06/Bahnar_Vietnamese/resolve/refs%2Fconvert%2Fparquet/default/train/0008.parquet,1269,Tong-hop-BAHNAR_8-12_2025_TL3049_new_64.flac,True,7.070000171661377,yt_52,yt_52,tong-hop-bahnar_8-12_2025_tl3049_new,recording:tong-hop-bahnar_8-12_2025_tl3049_new,record_id_prefix,medium,khei puăn snăm baripo pơh ƀơ̆t inh hơdoi pơm kiă trong chang mem nat tơ âu inh ƀuh trong chang no,"Tháng 4 năm 2007, khi tôi chập chững bước vào con đường từ thiện ở đây tôi cảm thấy công việc này rất hợp với tôi và nó rất đam mê.","In April 2007, when I first stepped onto the path of charity here, I felt this work suited me very well and it was very passionate.",16f0828d83e4e3c30aba3f7ab73cb8d72a313868,train,pseudo_label,7.072
513535d790114cf512791f7d1dccd77c7ac4677c,Tong-hop-BAHNAR_8_10_2025_TL3046_new_9,train,https://huggingface.co/datasets/cuong06/Bahnar_Vietnamese/resolve/refs%2Fconvert%2Fparquet/default/train/0008.parquet,1289,Tong-hop-BAHNAR_8_10_2025_TL3046_new_9.flac,True,9.40999984741211,yt_52,yt_52,tong-hop-bahnar_8_10_2025_tl3046_new,recording:tong-hop-bahnar_8_10_2025_tl3046_new,record_id_prefix,medium,hulkinti kuah kong bai pram mươi lôi ơ pơm kiệt lơ tơ nok ăn nih wă pơm thim pơpung hnam cham pơm nguy rat kmek pơm hlang đak,"Đoàn kinh tế Quốc phòng 710 đã vận dụng nhiều nguồn để đầu tư thêm mái che, sân chơi, mua máy lọc nước và các trang thiết bị, vật dụng cần thiết khác.","Economic-Defense Corps 710 has utilized many sources to invest in additional roofs, playgrounds, purchase water purifiers and other necessary equipment and items.",003ba0478a837d26737ca9541f178579346b933c,train,pseudo_label,9.408
121c2b8c6bc084e06d59cb3dd362e608a264aff3,Tong-hop-BAHNAR_9_1_2026_TL3233_new_0,train,https://huggingface.co/datasets/cuong06/Bahnar_Vietnamese/resolve/refs%2Fconvert%2Fparquet/default/train/0008.parquet,1358,Tong-hop-BAHNAR_9_1_2026_TL3233_new_0.flac,True,27.8700008392334,yt_53,yt_53,tong-hop-bahnar_9_1_2026_tl3233_new,recording:tong-hop-bahnar_9_1_2026_tl3233_new,record_id_prefix,medium,ơ kuh kon pơlei păng đơbôl kră pơi kon pơlei păng đơbôl hơdoi lăng ratô̆môh nơ̆r bahnar đơ̆ng 'bao păng rơjiô dah rup jalai ơ kon pơlei păng đơbôl 'măng krao hovân jŏp lơ̆m kon pơlei hơpong tơ wei pơjing jơhnơr arih văn hoa pơlei pơla minh tơdrong dih tin yua ui 'ban trung ương ma trơ̆n teh đak vietnam tơtrô̆ lơ̆m dôm sơnăm adrol ki wă atŭk gơjung jơhngơ̆m đon 'mêm kơeng teh đak jơhngơ̆m đon hơpong tơ wei đơ̆ng rim tơ pôl kon pơlei lơ̆p tơdrong pơjing jơhnơr arih đơ̆ng liĕm,"Kính chào bà con và các bạn! Mời bà con và các bạn theo dõi chương trình Tổng hợp truyền hình tiếng Bahnar của Báo và PT, TH Gia Lai. Thưa bà con và các bạn! Cuộc vận động “Toàn dân đoàn kết xây dựng đời sống văn hóa ở khu dân cư” là một phong trào lớn do Ủy ban Trung ương Mặt trận Tổ quốc Việt Nam phát động trong nhiều năm qua nhằm phát huy lòng yêu nước, tinh thần đoàn kết của mỗi cộng đồng dân cư trong việc xây dựng nếp sống văn minh, gìn giữ những giá trị văn hóa tốt đẹp.","Greetings to the people and friends! We invite the people and friends to follow the Bahnar language television synthesis program of the Gia Lai Newspaper and Radio-Television. Dear people and friends! The campaign ""All people unite to build a cultural life in residential areas"" is a major movement launched by the Central Committee of the Vietnam Fatherland Front over many years to promote patriotism and the spirit of solidarity of each residential community in building a civilized lifestyle and preserving good cultural values.",16dd03b106928a40909b517c59a2dd113b45c537,train,pseudo_label,27.872
b17042a23dc9e5807c89d6ed5b559594e5507299,TS-Bahnar-6h50-SANG-02-10-2025_new-1_8,train,https://huggingface.co/datasets/cuong06/Bahnar_Vietnamese/resolve/refs%2Fconvert%2Fparquet/default/train/0004.parquet,1308,TS-Bahnar-6h50-SANG-02-10-2025_new-1_8.flac,True,5.119999885559082,yt_52,yt_52,ts-bahnar-6h50-sang-02-10-2025_new-1,recording:ts-bahnar-6h50-sang-02-10-2025_new-1,record_id_prefix,medium,rơi tƀuh bơ̆t măng hŏp bao tao măt pơgơ̆r ban tên yao păng krah hovân ting ui ăn băt,"Thông tin tại buổi họp báo, đại diện lãnh đạo Ban Tuyên giáo và Dân vận Tỉnh ủy cho biết:","Informing at the press conference, the representative of the leadership of the Propaganda and Mobilization Commission of the Provincial Party Committee said:",d699945e52cf8d6a7627379b7dc0fd7710f65257,train,pseudo_label,5.12
6f104fecb608fd6a344d701017650b04b38689f1,TS-Bahnar-6h50-SANG-02-11-2025_new_17,train,https://huggingface.co/datasets/cuong06/Bahnar_Vietnamese/resolve/refs%2Fconvert%2Fparquet/default/train/0004.parquet,1361,TS-Bahnar-6h50-SANG-02-11-2025_new_17.flac,True,4.349999904632568,yt_53,yt_53,ts-bahnar-6h50-sang-02-11-2025_new,recording:ts-bahnar-6h50-sang-02-11-2025_new,record_id_prefix,medium,phumi păng anionam tamă hloh tiĕn mônh năr kiơ̆ kơ chất,"Các ổ dịch đều được cập nhật, xử lý kịp thời trên Hệ thống VAHIS, góp phần hạn chế lây lan. Công tác tiêm phòng tiếp tục được đẩy mạnh.","Outbreaks are all updated and handled promptly on the VAHIS System, contributing to limiting the spread. Vaccination work continues to be promoted.",a095920f1d1a1dee832f38b9b45d63164cd7eb41,train,pseudo_label,4.352
c09c8ea19c173f4946946e1c932a8bada317186f,TS-Bahnar-6h50-SANG-03-10-2025_new_40,train,https://huggingface.co/datasets/cuong06/Bahnar_Vietnamese/resolve/refs%2Fconvert%2Fparquet/default/train/0004.parquet,1504,TS-Bahnar-6h50-SANG-03-10-2025_new_40.flac,True,22.43000030517578,yt_49,yt_49,ts-bahnar-6h50-sang-03-10-2025_new,recording:ts-bahnar-6h50-sang-03-10-2025_new,record_id_prefix,medium,adrok trim yua drŏ tơnŏ nih lơ̆m sah gao nuih mơ̆ng kơtang đing lang vi vir văn hoa lâng rŏ trim sơnăm măt trơ̆n păng trim khŭl tơpôl đing lang pơgơ̆r hơpong văn hoa ching ching joh ri vă vi vir văn hoa hơdơi sah adrok tơmang ngôi lăng adrok tơmang ngôi lăng bơ̆t sah noh tơdrong chang măng đơ̆ng kon plây tơmang ngôi lăng adrok lây kinh tê kon plây gô adrok,"Phát huy những lợi thế, tiềm năng của xã Gào anh hùng, luôn giữ gìn truyền thống văn hoá. Hằng năm Mặt trận và các đoàn thể thường xuyên tổ chức liên hoan văn hoá cồng chiêng, hát dân ca để giữ gìn bản sắc, cùng với xã phát triển du lịch. Phát triển du lịch ở xã là mong mỏi của bà con, du lịch phát triển thì kinh tế cũng sẽ phát triển.","Promoting the advantages and potential of heroic Gao commune, always preserving cultural traditions. Every year, the Front and mass organizations regularly organize gong culture festivals and folk singing to preserve identity, together with the commune to develop tourism. Developing tourism in the commune is the longing of the people; if tourism develops, the economy will also develop.",4277e5eb3fcc4a6973dad7c027e0d8cac060e700,train,pseudo_label,22.432
f1d022c09367ebecf03d930380570f96bab78d33,TS-Bahnar-6h50-SANG-04-12-2025_new_35,train,https://huggingface.co/datasets/cuong06/Bahnar_Vietnamese/resolve/refs%2Fconvert%2Fparquet/default/train/0004.parquet,1732,TS-Bahnar-6h50-SANG-04-12-2025_new_35.flac,True,16.190000534057617,yt_49,yt_49,ts-bahnar-6h50-sang-04-12-2025_new,recording:ts-bahnar-6h50-sang-04-12-2025_new,record_id_prefix,medium,kiơ̆ ơ 'nhŏng vương tơdrong rong sem tơdrong nâu athi pơnhên hlang wă vi lăng sơđứng rong kron kon jơpik tơ jur 'biơ̆ iji pơrang samă ke 'buinh 'bọk lơ̆m chă pơnăn sa tơdrong para băl lơ̆m bât minh tơnok anih kinh tê pơm adron đơ̆ng 'nhŏng noh pơm adron tơklep tơrih,"Theo anh Vương, việc nuôi loài vật này cần nghiên cứu để đảm bảo điều kiện, nuôi nhốt an toàn, hạn chế dịch bệnh nhưng lại khá đơn giản trong việc tìm kiếm nguồn thức ăn. Điểm khác biệt ở mô hình kinh tế trang trại của anh là khép kín.","According to Mr. Vuong, raising this animal needs research to ensure conditions, safe confinement, and limit diseases, but it is quite simple in finding food sources. The difference in his farm economic model is that it is closed.",70f970a3b326265396d177d012e983cc72d4ad73,train,pseudo_label,16.192
76f02f13356c3e4686273c1e7f8007a8a1ab5345,TS-Bahnar-6h50-SANG-09-09-2025_new_16,train,https://huggingface.co/datasets/cuong06/Bahnar_Vietnamese/resolve/refs%2Fconvert%2Fparquet/default/train/0005.parquet,193,TS-Bahnar-6h50-SANG-09-09-2025_new_16.flac,True,17.790000915527344,yt_52,yt_52,ts-bahnar-6h50-sang-09-09-2025_new,recording:ts-bahnar-6h50-sang-09-09-2025_new,record_id_prefix,medium,rim sah athei hơdoi păng anih vei lăng choh yang păng plĕnh teh pơm tĕnh tôm hla pơar gah teh hla pơar pơchao jô̆ pơtŏ 'moong pơtreo pơm tôm hla pơar lăng sah tơhnă teh lĕm khei sin 'bơ̆t khei mơjĭt gô jih sơ̆ đĭng anih tơm pơjing wă tơlĕch pơm jang hloi,"Các xã cần phối hợp với Sở Nông nghiệp và Môi trường, làm gấp các thủ tục về đất, làm thủ tục chuyển giao, đo đếm, bồi thường, làm ngay thủ tục giải phóng mặt bằng trong tháng 9. Khi tháng 10 có thiết kế mẫu của Bộ Xây dựng sẽ triển khai thực hiện luôn.","Communes need to coordinate with the Department of Agriculture and Environment, urgently complete land procedures, perform transfer, measurement, and compensation procedures, and immediately perform site clearance procedures in September. When there is a sample design from the Ministry of Construction in October, implementation will be carried out right away.",31b8ae43c74a0bed403f557cc0cbd9b0151e2286,train,pseudo_label,17.792
0e7654f6907888f8089eb7f6371392ceedcbe7f9,TS-Bahnar-6h50-SANG-19-11-2025_new_4,train,https://huggingface.co/datasets/cuong06/Bahnar_Vietnamese/resolve/refs%2Fconvert%2Fparquet/default/train/0005.parquet,2167,TS-Bahnar-6h50-SANG-19-11-2025_new_4.flac,True,18.559999465942383,yt_52,yt_52,ts-bahnar-6h50-sang-19-11-2025_new,recording:ts-bahnar-6h50-sang-19-11-2025_new,record_id_prefix,medium,sơ̆ndoi hŏp akâm đei đại tương păm wăn tra sơ̆ ki ui viên anih tơm chinh trị sơ̆ ki pă bih thư kuân ui trung ương sơ̆ ki bô̆ trương anih tơm vei lăng teh đak pơgơ̆ sơ̆ ki pơgơ̆r anih tơm vei lăng teh đak bô̆ âu tŏng thăm mưu tŏng kŭk chinh trị bô̆ đôi kon pơlei vietnam pơgơ̆r rim ani jang trung ương,"Dự Hội thảo có Đại tướng Phạm Văn Trà - nguyên Ủy viên Bộ Chính trị, nguyên Phó Bí thư Quân ủy Trung ương, nguyên Bộ trưởng Bộ Quốc phòng; Thủ trưởng, nguyên thủ trưởng Bộ Quốc phòng, Bộ Tổng Tham mưu, Tổng cục Chính trị Quân đội Nhân dân Việt Nam; lãnh đạo các cơ quan Trung ương.","Attending the Conference were General Pham Van Tra - former Member of the Politburo, former Deputy Secretary of the Central Military Commission, former Minister of National Defense; Leaders, former leaders of the Ministry of National Defense, the General Staff, the General Department of Politics of the Vietnam People's Army; leaders of Central agencies.",da27e8e79a227375538c5652ef8642c0dbe0b28e,train,pseudo_label,18.56
32d980434e01ae45714dd3215f89c8dadb1c986a,ts-bana-31-10_30,train,https://huggingface.co/datasets/cuong06/Bahnar_Vietnamese/resolve/refs%2Fconvert%2Fparquet/default/train/0008.parquet,1657,ts-bana-31-10_30.flac,True,23.84000015258789,yt_53,yt_53,ts-bana-31-10,recording:ts-bana-31-10,record_id_prefix,medium,ơ kon pơlei păng đơbôl dôm năr âu 'mi oei đei jŏp jang 'bơ̆t re mêr jŭn tơ nguên sơmă păng kon pơlei sah iao tôl char yoh lai tơdrong tơ tăm ưh mah đak wă pơm jang mêr 'ba oei keh tơ tăm dôm sơnăm adrol ki kon pơlei ưh kơ sĭ lăp jang hmang 'mi jur pơyan 'mi lei mơ̆t rei pơtăm 'ba đĭ pơyan lei teh tro hŏnh mêr nao 'ba đak tuh hoh,"Thưa bà con và các bạn! Những ngày này, mưa vẫn đang diễn ra khắp ruộng đồng Tây Nguyên. Nhưng với người dân xã Ia Tul, tỉnh Gia Lai, nỗi lo thiếu nước để sản xuất nông nghiệp vẫn luôn canh cánh. Nhiều năm qua, chỉ trông vào nước trời, mùa mưa thì gieo trồng, hết mùa đất khô hạn, ruộng đồng bỏ hoang.","Dear people and friends! These days, rain is still occurring across the fields of the Central Highlands. But for the people of Ia Tul commune, Gia Lai province, the worry about lack of water for agricultural production is still always present. For many years, relying only on rainwater, sowing and planting in the rainy season, when the season ends the land is parched and fields are left fallow.",46d29dea28a5adda0dea7059f191495a02ddebee,train,pseudo_label,23.84
c175108d8a5e76d5bea9ccbfed097128f8de2903,TSd46dmvgDk_4,train,https://huggingface.co/datasets/cuong06/Bahnar_Vietnamese/resolve/refs%2Fconvert%2Fparquet/default/train/0040.parquet,12,TSd46dmvgDk_4.flac,True,20.899999618530273,yt_52,yt_52,tsd46dmvgdk,recording:tsd46dmvgdk,record_id_prefix,medium,mong bơdreo hơmet ming wă pơchao teh uy ăn pêng plêy adrung kon kông minh unh hnam đây pơchao đăm hreng met wung tơgŭm pơm trong anăm đak sơlŭng hlăng lơ̆ng rơgoh hnam rông bê mong đak akŏm đei unh sư trưk tơ̆k hơdah jua yŏk hơyuh măt năr atok jên arih ăn kon plêy,"Trong đó, dành nguồn lực đầu tư kết cấu hạ tầng, quy hoạch khu dân cư, thu hồi, đền bù một phần, sắp xếp lại để cấp đất ở cho 3 làng dân tộc thiểu số, mỗi hộ dân được cấp 500m2; hỗ trợ về kết cấu hạ tầng, bao gồm các công trình như: Đường giao thông, hệ thống giếng nước sạch, nhà rông, bể nước sinh hoạt tập trung, có hệ thống điện năng lượng mặt trời, nhằm nâng cao đời sống của bà con.","In which, dedicating resources to invest in infrastructure, planning residential areas, recovering, compensating partially, rearranging to grant residential land for 3 ethnic minority villages, each household is granted 500m2; supporting infrastructure, including works such as: Traffic roads, clean water well systems, communal houses, centralized domestic water tanks, having solar energy systems, aiming to improve the lives of the people.",944b04b34be5b8ce7e6fc5cc812e7dc180ff1ea1,train,pseudo_label,20.896
84731af2e84a101afdee4a2c74c5610b299c9289,TUfEG589ns0_0,train,https://huggingface.co/datasets/cuong06/Bahnar_Vietnamese/resolve/refs%2Fconvert%2Fparquet/default/train/0029.parquet,1269,TUfEG589ns0_0.flac,True,23.010000228881836,yt_45,yt_45,tufeg589ns0,recording:tufeg589ns0,record_id_prefix,medium,mơ nhang tut săng pơ jơ sơnam boi mung sư iki ê băn cha năng kă tơdrong cha khop tin lăn tơ sa yê tul tring kư mơ kar chăn đăk lăk tu lêng cha prê lơ hla ba trong tơ̆ng đăng phap luat tơ̆ng tơdak lĕch nơ̆r rơđê phai cha pơtơ̆ng ăn kơ đê kăn plơ lươm tôm tơdrong pơ chăng kia kơ hơp lê tơ̆ng tơdak tôm tơdrong cheng sa tơdê kăn plơ,"Dù đã hơn 70 tuổi, sức khỏe không còn tốt, nhưng hàng ngày mục sư Y Ky Êban quản nhiệm Chi hội Tin lành xã Ea Tul, huyện Cư Mgar, tỉnh Đắk Lắk luôn cần mẫn dịch nhiều văn bản chủ trương, đường lối của Đảng, chính sách, pháp luật của Nhà nước sang tiếng Ê Đê để đưa vào bài giảng, giúp các tín đồ nắm bắt kịp thời các thông tin, sự kiện mới của đất nước.","Although he is over 70 years old and his health is no longer good, every day Pastor Y Ky Eban, who oversees the Evangelical Church branch in Ea Tul commune, Cu Mgar district, Dak Lak province, always diligently translates many documents on the guidelines and lines of the Party, and policies and laws of the State into the Ede language to include in sermons, helping believers timely grasp new information and events of the country.",c65e5892f26602accc25940fe4e07fdddc40a490,train,pseudo_label,23.008
d77b9c90a071b56c83c8302133273278359f11a7,TWsSQhss1A0_6,train,https://huggingface.co/datasets/cuong06/Bahnar_Vietnamese/resolve/refs%2Fconvert%2Fparquet/default/train/0047.parquet,2226,TWsSQhss1A0_6.flac,True,25.56999969482422,yt_45,yt_45,twssqhss1a0,recording:twssqhss1a0,record_id_prefix,medium,inh ji pơngay pơcheng mir te chăm pơga inh pih lê săr ô unh nam cha pơđăp ti păl chonh ji khuih pơtăm săn năm âu tu ji pơyăn kơkơl ti inh pơđê chonh hơt trên tơm chi mon yương tơ tơ̆n binh pơn cha tĕch minh pơm plê thoi nơ minh chơpô hlag jên tuh prăm ti teng ay inh sơ hơ̆k tơdrong pơcheng săng đây pu yŏk,"Mình là nhà nông, tận dụng từng tấc đất không cho đất bỏ trống, nhà tôi nói với nhau làm như thế mới đi mua dứa về trồng, năm nay là vụ đầu tiên. Mua bên nhà cháu Dương ở Tân Bình, cứ 10 nghìn một quả, cũng đỡ được một tí, tôi phấn khởi lắm.","I am a farmer, taking advantage of every inch of land, not letting the land be empty, my family told each other to do that, so I went to buy pineapples to plant, this year is the first crop. Bought from the house of grandchild Duong in Tan Binh, 10 thousand per fruit, it also helped a little, I am very excited.",4b11cafcb50219b0b1aa653350aba364892d8eeb,train,pseudo_label,25.568
9432cdb7aee6b02e3566a52678f8644645358859,Ty8c7OQIwLM_5,train,https://huggingface.co/datasets/cuong06/Bahnar_Vietnamese/resolve/refs%2Fconvert%2Fparquet/default/train/0047.parquet,2275,Ty8c7OQIwLM_5.flac,True,12.800000190734863,yt_51,yt_51,ty8c7oqiwlm,recording:ty8c7oqiwlm,record_id_prefix,medium,yuch nơt arih tơ nap tap păng tơdrong pơrabal rim sơnap đrol tơdrong hŏk sinh pơngai kon kông oei bơ̆t ơ pŭng yang gray lơm đo đei sach yao o tôk pơhrăm keh lơ,"Vượt qua những rào cản và khó khăn ban đầu, khi nhận biết được mặt chữ, các phép tính phục vụ cho mùa vụ, bà con dân làng ngày càng chăm chỉ đến lớp, tạo sự lan tỏa trong cộng đồng. Do cuộc sống khó khăn cùng với các nguyên nhân khác, những năm trước, tình trạng học sinh là con em đồng bào dân tộc sinh sống trên địa bàn huyện Ia Grai, trong đó có xã Ia O bỏ học diễn ra khá phổ biến.","Overcoming initial barriers and difficulties, when recognizing letters and calculations serving the harvest season, villagers are increasingly diligent in coming to class, creating a spread in the community. Due to difficult lives along with other reasons, in previous years, the situation of students who are children of ethnic minorities living in Ia Grai district, including Ia O commune, dropping out of school was quite common.",f0baf5002f25be829ba39f6174f6332ee7c706f7,train,pseudo_label,12.8
3e60b258808ac2787fb05a32557253be0fcf428a,U6sM6barR-I_3,train,https://huggingface.co/datasets/cuong06/Bahnar_Vietnamese/resolve/refs%2Fconvert%2Fparquet/default/train/0048.parquet,27,U6sM6barR-I_3.flac,True,21.280000686645508,yt_55,yt_55,u6sm6barr-i,recording:u6sm6barr-i,record_id_prefix,medium,bơ̆t apêng yŏch jên lê̆ bơ̆n tơlĕch tơtrong jang sư mă ăn ư kơ jang lê̆ ư kơ ăn yŏk bơ̆n rŏng sem trŏng kiơ bơtăm long kiơ athây bơma mă hơlĕn rim khây hôp akăm drơvŏng truh năm ênh đây tơtrong jang kiơ lê̆ ăn tŏk yơ̆ jên nau pơtơm plung kơ jơ̆t đây mơchĭt nu lăm nơ đơ̆y đăm uy năm tơ nu,"Phải xây dựng mô hình làm ăn mới cho mượn, không làm ăn là không cho mượn. Anh chăn nuôi hay anh trồng cây gì phải cụ thể, hàng tháng họp xoay vòng. Đầu tiên quy định có 10 người, trong đó có 5 hộ nghèo. Qua quá trình triển khai, hiện nay không còn hộ nghèo nữa.","Must build a business model to be lent, if not doing business, then no lending. Whether you raise livestock or plant something, it must be specific, meeting monthly in rotation. Initially, it was stipulated to have 10 people, including 5 poor households. Through the implementation process, there are currently no more poor households.",eca34b866fa6bec2f94ea4bd4de78e62fa3c3540,train,pseudo_label,21.28
4ede11cb6a261b425f8bfa0d1cc7beef43b4afc7,Uc_QGuxr6I__1,train,https://huggingface.co/datasets/cuong06/Bahnar_Vietnamese/resolve/refs%2Fconvert%2Fparquet/default/train/0029.parquet,1735,Uc_QGuxr6I__1.flac,True,25.979999542236328,yt_49,yt_49,uc_qguxr6i_,recording:uc_qguxr6i_,record_id_prefix,medium,hơ tuch sơnăm ba rơpâu jit puăn wă jê̆ minh hring unh hnam plê kroi thi trân kơ bang đi pơyao teh ăn uy minh tơnơ̆ng tơ̆ng minh anih bơ̆t tiêu khu minh hring jit sinh sah sơpai să minh hekta minh unh hnam đi teh cho jang pơyan plŭng kon plê akăm pơtăm buôn blang păng ba gông yoai yŏk kuinh tê tam kơ jông tơ ăn năm kơ tơdrong nó uy ban nhân jân apung kơ bang hơdoi ngân hang bu điĕn,"Cuối năm 2014, gần 100 hộ dân ở làng Groi, thị trấn Kbang được bố trí đất tái định canh tại Tiểu khu 119, xã Sơ Pai, với định suất 1 ha/hộ. Có đất sản xuất, thời gian đầu, dân làng chủ yếu trồng mía và lúa rẫy, hiệu quả kinh tế mang lại chưa cao... Trước thực tế đó, UBND huyện Kbang phối hợp với Ngân hàng Bưu điện Liên Việt Chi nhánh Gia Lai","At the end of 2014, nearly 100 households in Groi village, Kbang town were allocated resettlement land at Sub-area 119, So Pai commune, with a quota of 1 ha/household. Having production land, in the beginning, the villagers mainly grew sugarcane and upland rice, the economic efficiency brought was not high... Faced with that reality, the People's Committee of Kbang district coordinated with Lien Viet Post Bank, Gia Lai Branch",3f8ff70963eb54c0fef0b2191f761c27c48602bb,train,pseudo_label,25.984
82d3c276362984077b4092f4e7a9e8c52488b596,ucr-jbSDvcA_9,train,https://huggingface.co/datasets/cuong06/Bahnar_Vietnamese/resolve/refs%2Fconvert%2Fparquet/default/train/0045.parquet,336,ucr-jbSDvcA_9.flac,True,17.149999618530273,yt_53,yt_53,ucr-jbsdvca,recording:ucr-jbsdvca,record_id_prefix,medium,lui đây học phải răm phần phải tho bay bay yung bơ âu kia ca nghệ nhân mui yă hòa cũng lui đây hơi thoi phần chót nó cũng lui đây chơp ba ga thờ dòng yót khi cả nại chớt lui thờ bus bơ đã ring hơi miếng lương phải tho ăn cơ con sâu lường năm,"Giờ bà Hoa không những thành thạo lối hát, mang làn điệu dân ca này đến với nhiều sân khấu, nhiều sự kiện ở địa phương, mà bà còn trực tiếp truyền dạy cho con cháu trong nhà.","Now Ms. Hoa is not only proficient in singing, bringing this folk song melody to many stages and many local events, but she also directly teaches her children and grandchildren in the house.",77a437274ab3edf9f4a9f2462f2add141af5b8ed,train,pseudo_label,17.152
4b9f33e5e076b3be326be35385909e4dd8cefa16,Uhcx1drzC-M_3,train,https://huggingface.co/datasets/cuong06/Bahnar_Vietnamese/resolve/refs%2Fconvert%2Fparquet/default/train/0040.parquet,639,Uhcx1drzC-M_3.flac,True,11.260000228881836,yt_24,yt_24,uhcx1drzc-m,recording:uhcx1drzc-m,record_id_prefix,medium,thôi mình cũng như thế thôi mình sau khi là bà con trong theo này chắc chắn sẽ tạo những cây tương rong cơ đi nhông oh con play cha phải tăm thoi âu tua cha trong ca tôm trong hợp lý,"Bữa nay đưa vào trồng có sự thay đổi, sau này thu hoạch họ thấy được nên tuyên truyền cho họ, anh em, bạn bè.","Today, introducing planting brings a change; later, when they harvest and see the results, they will propagate it to their relatives, brothers, and friends.",2f7e2274515bcaf8d9ab19e4bd52606adeb849c3,train,pseudo_label,11.264
ef9985dd47e1d5f6acfd1f9c928981a6477ceb9a,uHGWD7sfwMI_7,train,https://huggingface.co/datasets/cuong06/Bahnar_Vietnamese/resolve/refs%2Fconvert%2Fparquet/default/train/0033.parquet,317,uHGWD7sfwMI_7.flac,True,17.81999969482422,yt_51,yt_51,uhgwd7sfwmi,recording:uhgwd7sfwmi,record_id_prefix,medium,pơm kiơ khe git kăl yua bơngai dnô snăm băr bô băr git băr đưng nara git pơ khe git snăm băr bô băr git băr tru nara git hngam khe git munh snăm băr bô băr git băr păng tơdrong pơ thi yua bơngai dnô ưh ăn bô bơm tôk tơrŏng yua thu tương chinh phut tơrŏ,"Hưởng ứng Tháng cao điểm Vì người nghèo năm 2022 (từ ngày 17/10/2022 - 18/11/2022) và phong trào thi đua “Vì người nghèo, không để ai bị bỏ lại phía sau” do Thủ tướng Chính phủ phát động.","Responding to the Peak Month for the Poor in 2022 (from October 17, 2022 - November 18, 2022) and the emulation movement ""For the poor, leaving no one behind"" launched by the Prime Minister.",ac3a1bab217cf7aee08168e05ef6266a35a428f9,train,pseudo_label,17.824
1e3186d7844914fc6c8c2f3473603213bf6c3fac,Uob20R8hpBo_19,train,https://huggingface.co/datasets/cuong06/Bahnar_Vietnamese/resolve/refs%2Fconvert%2Fparquet/default/train/0017.parquet,28,Uob20R8hpBo_19.flac,True,13.119999885559082,yt_55,yt_55,uob20r8hpbo,recording:uob20r8hpbo,record_id_prefix,medium,ba rĕng pon jit oh păng đê kiơ̆ kơ chơt păng bang tơ gŭm đi jơnum đơ̆ng trim gơp ăn hi jăng đi tơ gop kit kăl lơ̆m tơ trong wê lăng che bai jơnây jơnơ arih jơhngơ̆m đon lơ̆ng ăn trim oh,"Thông qua chương trình này đã có hơn 240 em được khám, chỉ định phẫu thuật hoặc cấp dụng cụ hỗ trợ miễn phí. Sự chung tay của các cấp, các ngành, các đơn vị đã góp phần quan trọng trong việc chăm sóc sức khỏe, đem lại chất lượng cuộc sống, tinh thần tốt hơn cho các em.","Through this program, more than 240 children have been examined, prescribed surgery, or provided with free support equipment. The joint efforts of all levels, sectors, and units have contributed significantly to health care, bringing better quality of life and spirit to the children.",45972e788d13d8ea209cc0159225097542f976b9,train,pseudo_label,13.12
fcb8d9bda8b2515cef72e96854c7bba9da898867,uQ0zoiwy8TI_20,train,https://huggingface.co/datasets/cuong06/Bahnar_Vietnamese/resolve/refs%2Fconvert%2Fparquet/default/train/0045.parquet,189,uQ0zoiwy8TI_20.flac,True,29.219999313354492,yt_53,yt_53,uq0zoiwy8ti,recording:uq0zoiwy8ti,record_id_prefix,medium,lăp kơ drô bơ̆t đe tơ dring công-ngiệp điểm thui bơ̆t âu cũng lượt đi như đăm ho bơng ngai pơm chang người tơ gum ăn kơ tơ dring bơ̆t âu cũng thây lê̆ bơ̆t âu pung phu bênh lươi đi ăn tóc tơ dương kinh tê gas tơ drong pơm chang trước dăng ay pung phu bênh lươi đi như ngam clas rêng gas kinh tê cho giang pơm chang công-ngiệp lươi đi bơ̆t âu lươi tih thi tin gas dang đăm như clas rêng wa ăn tóc tơ dương công-ngiệp bơ̆t âu tơ tun pran gas tách mơ tro,"Chỉ tính riêng Khu Công nghiệp Điềm Thụy đã thu hút khoảng 15.000 lao động, góp phần giúp những địa phương như huyện Phú Bình chuyển đổi cơ cấu kinh tế, việc làm. Đến nay, huyện Phú Bình chỉ còn 18% kinh tế nông nghiệp; sản xuất công nghiệp chiếm tỉ trọng lớn nhất với khoảng 51%.","Just counting Diem Thuy Industrial Zone alone, it has attracted about 15,000 laborers, contributing to helping localities like Phu Binh district transform economic structure and employment. Up to now, Phu Binh district only has 18% agricultural economy; industrial production accounts for the largest proportion with about 51%.",ca7967fa97df45421b04b171a6fc1a37e9fab047,train,pseudo_label,29.216
616442b5711ec10c0af701b3276bcb8f8bc3ec4f,uRjcNKVNGwo_26,train,https://huggingface.co/datasets/cuong06/Bahnar_Vietnamese/resolve/refs%2Fconvert%2Fparquet/default/train/0024.parquet,779,uRjcNKVNGwo_26.flac,True,26.43000030517578,yt_45,yt_45,urjcnkvngwo,recording:urjcnkvngwo,record_id_prefix,medium,tơdrong cha thông tơdrong đê-kon plê tuh uê pô minh trong đau ăn đê-kon plê đê pu yŏc trưng đar pơtơm cha pơ nhôn tuh ta tơguăt păng đê-kon plê pracha năng tơdrong pơ chăng lưng ư cơ pôm tơ yung tơdrong pơ chăng săng đê kơ tư ma trong kăn tơdrong pơ chăng đo pra đê-kon plê đê pu yŏc tơdrong săng pơm gơ kăn hơp pô tơ chĕng tuh tam tru adviser pôm a pơm moi địch,"Mô hình du lịch cộng đồng đã tạo sinh kế cho bà con khá hiệu quả. Những ngày đầu tiên, chúng tôi kết hợp với bà con làm những việc nhỏ lẻ có thu nhập rất thấp, nhưng thời điểm này, bà con có thu nhập ngoài mong đợi. Những bạn làm việc trực tiếp ở đây trung bình một ngày có thu nhập từ 400-500 ngàn đồng, so với đi rừng, làm keo thì thu nhập gấp rưỡi hoặc gấp 2 lần.","The community tourism model has created livelihoods for people quite effectively. In the first days, we combined with people to do small, odd jobs with very low income, but at this time, people have income beyond expectations. Those who work directly here have an average daily income of 400-500 thousand VND, compared to going to the forest, working on acacia, the income is 1.5 or 2 times higher.",5fa13cfa16a30e6e786d1e78efb428b4e523c639,train,pseudo_label,26.432
e1a19faeeeb789a6e2fc72634d96cb5e8d4316d5,UvaRuW2qy2g_9,train,https://huggingface.co/datasets/cuong06/Bahnar_Vietnamese/resolve/refs%2Fconvert%2Fparquet/default/train/0017.parquet,73,UvaRuW2qy2g_9.flac,True,2.7799999713897705,yt_55,yt_55,uvaruw2qy2g,recording:uvaruw2qy2g,record_id_prefix,medium,năm kươi inh trŏng nô,"- Cô ơi, cô đi theo con! - Con mời cô vào đây! - Lối này hả? - Dạ.","- Ma'am, follow me! - I invite you in here! - This way? - Yes.",8b2a9873163ac63d576bb631f0d2eb28af46db37,train,pseudo_label,2.784
78f18dcc01fdc6f3c1ad45975a564e831ffd1cbd,UvV5-TN4gEU_5,train,https://huggingface.co/datasets/cuong06/Bahnar_Vietnamese/resolve/refs%2Fconvert%2Fparquet/default/train/0017.parquet,63,UvV5-TN4gEU_5.flac,True,14.81999969482422,yt_55,yt_55,uvv5-tn4geu,recording:uvv5-tn4geu,record_id_prefix,medium,truh hơtuch sơnam bar bâu bar yêpon char lơm đŏng đê tơ klas sinh hreng ngăm chit tih đơ̆ng chên tơ drŏng pơm chang teh đăk minh pơh minh sinh wăng tơ gŭm adre kon kông păng đê tơ guăt lơm tơ drŏng sơ đơ̆ng anih răt yŏk tơ mam trăm ao tŏk pơm chang kênh tê̆,"Cuối năm 2024, tỉnh Lâm Đồng đã phân bổ hơn 980 tỷ đồng từ nguồn vốn Chương trình Mục tiêu quốc gia 1719 để hỗ trợ đồng bào dân tộc thiểu số và miền núi. Đây là mảnh ghép chuyển đổi cơ cấu cây trồng gắn với chuỗi liên kết để người dân ổn định đầu ra nông sản, phát triển kinh tế.","At the end of 2024, Lam Dong province allocated more than 980 billion VND from the National Target Program 1719 funding source to support ethnic minority and mountainous people. This is a piece of the puzzle to transform crop structure associated with linkage chains so that people can stabilize agricultural product output and develop the economy.",a2c312eb5f120f071a98a57b4ec4a3536f7a4f62,train,pseudo_label,14.816
10cf6e192e7624473040995d31327e386a8ace13,UWnEYpbL0Ew_37,train,https://huggingface.co/datasets/cuong06/Bahnar_Vietnamese/resolve/refs%2Fconvert%2Fparquet/default/train/0016.parquet,2201,UWnEYpbL0Ew_37.flac,True,8.100000381469727,yt_45,yt_45,uwneypbl0ew,recording:uwneypbl0ew,record_id_prefix,medium,minh lươm tươm trương pa kơ ti tơ trê kŏn plê trăng ây wih đây lơ pơngay pê săk pơyơi tươm khui lương tương sư,"Ít ai biết rằng, nghệ thuật múa ngựa giấy của người Nùng Dín từng có thời gian bị gián đoạn do không có người tham gia giữ.",Few people know that the paper horse dance art of the Nùng Dín people once had a period of interruption due to a lack of people participating in keeping it.,6c6cdf95e8b2afbf3eb9fa53bd71057b6e9a2f69,train,pseudo_label,8.096
953785200c616586ea3b2633d21743bc1f38e81c,V3KQShxTL2Q_15,train,https://huggingface.co/datasets/cuong06/Bahnar_Vietnamese/resolve/refs%2Fconvert%2Fparquet/default/train/0017.parquet,122,V3KQShxTL2Q_15.flac,True,14.779999732971191,yt_55,yt_55,v3kqshxtl2q,recording:v3kqshxtl2q,record_id_prefix,medium,đây băng tơgôm đơ̆ng jênh guyên truh kơ dăng ay păng trương đe pơjêng rim phŏng pơhrăm păng đe weh lăng kŭng thây kơ đe hơmet tôm rim tơmham trăm pơhrăm nu tơdrong đe buh păng tơtơ̆n tơplêh nau tơdrong pơtho đe pơnhiên lăng hŏk sinh,"Được sự quan tâm của các cấp chính quyền, thời điểm hiện tại, nhà trường được đầu tư các khối phòng học, phòng bộ môn, phòng quản trị, cũng như được trang bị đầy đủ các thiết bị dạy học. Đây là điều kiện tiên quyết để đẩy mạnh đổi mới phương pháp dạy học, kiểm tra đánh giá học sinh.","With the attention of authorities at all levels, at the present time, the school has been invested in blocks of classrooms, subject rooms, administrative rooms, as well as being fully equipped with teaching equipment. This is a prerequisite condition to promote the innovation of teaching methods and student assessment.",5b65f258964bd909bbce142601c21af247d74499,train,pseudo_label,14.784
1ffec877e8c6f0df24f70ecbfc1d6da8ac912689,VbBUxvWJrX8_10,train,https://huggingface.co/datasets/cuong06/Bahnar_Vietnamese/resolve/refs%2Fconvert%2Fparquet/default/train/0048.parquet,175,VbBUxvWJrX8_10.flac,True,12.829999923706056,yt_53,yt_53,vbbuxvwjrx8,recording:vbbuxvwjrx8,record_id_prefix,medium,wă joh hŏp bơ̆t đơ̆ hơbôn lê̆ bơ̆t đơ̆ đi gah tơdrong bơ̆t rơi kông đŏng băc tơ bôh ăn tơdrong keh kă lơ̆ng liĕm ưh gơh gơh lê̆ lơ̆m jơhngơ̆m đon tơ pôl kon pơlơi lơ lô lơ̆m jơh nơ̆r arih,"Để khi cất lên, dường như ta thấy cả núi rừng Đông Bắc thu trọn trong đôi mắt của cô sơn nữ yêu kiều. Và rồi thanh âm, điệu thức cứ ngấm dần trở thành món ăn tinh thần không thể thiếu của cộng đồng người Lô Lô trong bất kỳ hoàn cảnh nào.","So that when sung, it seems we see the entire Northeast mountains and forests gathered in the eyes of the graceful mountain girl. And then the sound, the melody gradually permeates to become an indispensable spiritual food for the Lo Lo community in any situation.",88920e0527a8234f7d8d99cd1a2d70f4731dfffc,train,pseudo_label,12.832
2b2372c5f5c6d0e4a20609463df502c391f37ae2,vid39_10,train,https://huggingface.co/datasets/cuong06/Bahnar_Vietnamese/resolve/refs%2Fconvert%2Fparquet/default/train/0009.parquet,1348,vid39_10.flac,True,14.850000381469728,yt_55,yt_55,vid39,recording:vid39,record_id_prefix,medium,kiơ̆ kơ nau ako pơm tăng la trim kơp adrin đây tơ yung pơying pơm đương kơ nau pơm tiang để pơyao hlên tơ trong pơm tiang ăn trim pơngai pơm đương tơ trong năm pơnhiên lăng mat rơ̆t têh đak păng trim tơno anih trin tri sa hôi adrin đây tơ plih nau kiơ̆ trong kơ long pơm tiang kaltih,"tiếp tục được củng cố, kiện toàn, thực hiện tốt Quy chế hoạt động, có sự phân công cụ thể trách nhiệm của từng thành viên; chú trọng vào công tác kiểm tra, giám sát.","continues to be consolidated, perfected, and well implements the Operating Regulations, with specific assignment of responsibilities for each member; focuses on inspection and supervision work.",df846085ad77c82b4cdf14a658c78e713ffc65b0,train,pseudo_label,14.848
ec823252de589e463729c1f5c84c2a8a01407620,vid8_23,train,https://huggingface.co/datasets/cuong06/Bahnar_Vietnamese/resolve/refs%2Fconvert%2Fparquet/default/train/0003.parquet,1538,vid8_23.flac,True,11.579999923706056,yt_55,yt_55,vid8,recording:vid8,record_id_prefix,medium,"Đấu tranh khai thác, đối tượng khai nhận là Lê Trung Vũ, sinh năm 1994, trú tại thôn Tân Hội, xã Tân An, huyện Đak Pơ,",pơjah pơjang tang kăn pơm jăng bơh ngai pơm glach roi noh lê rung hu rơnêh sơnăm minh rơbâu sin-reng sơni puăn ui bơ̆n thôn tơ̆n hôi sah tơ̆n an apung đak huơ đang i,"Through exploitation and struggle, the subject confessed to being Le Trung Vu, born in 1994, residing in Tan Hoi village, Tan An commune, Dak Po district,",bc6d5614a23b001a6c8bd68b233e49a3bda38552,train,pseudo_label,11.584
f75fb71ee4b852727196b106ffd9e504d20c7158,vid9_4,train,https://huggingface.co/datasets/cuong06/Bahnar_Vietnamese/resolve/refs%2Fconvert%2Fparquet/default/train/0010.parquet,1207,vid9_4.flac,True,24.260000228881836,yt_55,yt_55,vid9,recording:vid9,record_id_prefix,medium,loi bar yit sanam tơlei tŏk yŏk jen chinh săch bơ̆t pơngai tơnu păng pơngai chinh săch nai kiơ̆ ngi đĭnh pơi chinh hnam đương chinh pu luch đi lơ chinai krah hơwơ̆n rim khŭl fei lăng jen păng pơnhŏ jen akom lơ pơgơ̆r pơm kiơ̆ đi chinai rim tơdrong tŏk yŏk jen truh nar pêng yit khei chinh muinh sanam bar pô băt chĭ bar minh yu akom jen tŏk yŏk jen sah hui đi bah reng sinh yê pơh ti pơh reng pênh chinh hnam trêu tŏk pă je pon yê bar măng pơtêng kơ sanam bar pô bar,"Qua 20 năm triển khai tín dụng chính sách đối với người nghèo và đối tượng chính sách khác theo Nghị định 78 của Chính phủ đã đạt được nhiều kết quả nổi bật, huy động được các nguồn lực tài chính để tạo lập nguồn vốn lớn, tổ chức thực hiện hiệu quả các chương trình tín dụng. Đến 30/11/2022, tổng nguồn vốn tín dụng chính sách xã hội đạt 297.738 tỷ đồng,","Through 20 years of implementing policy credit for the poor and other policy beneficiaries according to Decree 78 of the Government, many outstanding results have been achieved, mobilizing financial resources to create a large capital source and effectively organizing the implementation of credit programs. By November 30, 2022, the total social policy credit capital reached 297,738 billion VND,",4c30e0c3600f5152eef42c675eeed86c22b18f28,train,pseudo_label,24.256
53e7b5a46b1ba6afaabc39931e2903300c8cbce3,vid96_22,train,https://huggingface.co/datasets/cuong06/Bahnar_Vietnamese/resolve/refs%2Fconvert%2Fparquet/default/train/0010.parquet,1439,vid96_22.flac,True,20.829999923706055,yt_53,yt_53,vid96,recording:vid96,record_id_prefix,medium,pơma pơh gơ̆r măng pơm chang phŏ kơdră tŏng liơn đoan lâu động viêt nam ngŏ yui hiô kơchât kơjung gah tơdrong pơm chang đei jơhnei liơn đoan lâu động char jơhlai lui đei yua iŏk đrim jơhnei lui đei yua iŏk lơ tơ plih păng chep ba đei lơi yua tih tin lơ̆m jơhngơ̆m đon ngơnh ăn gah đoan viên bơh ngai pơm chang,"Phát biểu tại buổi làm việc, Phó Chủ tịch Tổng Liên đoàn Lao động Việt Nam Ngô Duy Hiểu đánh giá cao những hoạt động, những kết quả LĐLĐ tỉnh Gia Lai đã đạt được. Những kết quả đạt được khá toàn diện, có nhiều đổi mới và mang lại lợi ích thiết thực, niềm tin cho đoàn viên, người lao động.","Speaking at the working session, Vice Chairman of the Vietnam General Confederation of Labor Ngo Duy Hieu highly appreciated the activities and results that the Gia Lai Provincial Confederation of Labor has achieved. The results achieved are quite comprehensive, with many innovations and bringing practical benefits and trust to members and workers.",28e4fd5c108aba51c60919f437947b026da3ba03,train,pseudo_label,20.832
caa3c55cb73fa3ebe44d19f3caa62961d09075e4,vid97_7,train,https://huggingface.co/datasets/cuong06/Bahnar_Vietnamese/resolve/refs%2Fconvert%2Fparquet/default/train/0010.parquet,1466,vid97_7.flac,True,5.340000152587891,yt_49,yt_49,vid97,recording:vid97,record_id_prefix,medium,kơdră khŭl mai ok kơdiong sah mai mru lôi yua iŏk mơ̆t rim,"Được tín nhiệm bầu làm Chủ tịch Hội Phụ nữ xã,","Being trusted and elected as the Chairwoman of the Commune Women's Union,",00050d8147c36684817d6bed7e0d7b3eefe5aa0a,train,pseudo_label,5.344
bd048c07fa3f12f7facc87cb420fcdc620f8f0c9,vid98_8,train,https://huggingface.co/datasets/cuong06/Bahnar_Vietnamese/resolve/refs%2Fconvert%2Fparquet/default/train/0010.parquet,1506,vid98_8.flac,True,17.020000457763672,yt_51,yt_51,vid98,recording:vid98,record_id_prefix,medium,đơ̆ng rŏng kơ đei đak chơlang 'nao jơnơr arih kon plei tơ âu tơ pli đei đak rơgoh sơđơ̆ng wei lăng apŭng plĕnh teh nô kung dơnŏ ăn ni sơ̆ng iŏk đăi hôi kư̆ chin binh rim kơp jal tơpơ măng jal barbô barjit bar barbô barjit pơ lơ̆m apŭng đak đua,"Sau khi có giọt nước mới, đời sống sinh hoạt của bà con nơi đây được cải thiện, có nguồn nước sạch sinh hoạt, đảm bảo vệ sinh môi trường. Đây cũng là công trình chào mừng Đại hội Cựu chiến binh các cấp khoá VII, nhiệm kỳ 2022 - 2027 của huyện Đak Đoa.","After having the new water drop, the daily life of the people here has improved, with a source of clean water for daily activities, ensuring environmental hygiene. This is also a work to welcome the 7th Veterans' Congress at all levels, term 2022 - 2027 of Dak Doa district.",bf621e74275f05e8f8aff3c73acec36b1372b631,train,pseudo_label,17.024
9c47df299dacd1e3cb95f561957ba637d5623fd5,VmLFheOJmCM_8,train,https://huggingface.co/datasets/cuong06/Bahnar_Vietnamese/resolve/refs%2Fconvert%2Fparquet/default/train/0040.parquet,880,VmLFheOJmCM_8.flac,True,23.8700008392334,yt_51,yt_51,vmlfheojmcm,recording:vmlfheojmcm,record_id_prefix,medium,rim er ching dur tôn wăng ching chrang tôn dăr hlôi mơ̆t lơm pham sĕch 'bok đơ̆ng oei je trôh dăng ei dăng ei 'bok hlôi dro jêt sin snăm mă khăn 'bar pah măt hlôi bơbul đơ̆ng lơ snăm kơ nô sơma mơh bâu trô ching chêng lêy 'bok keh hưch hanh pơma pơđăm păt năr dăng ei lơm năm 'bok oei wei wer pêng sơmrôk ching chêng git,"Âm thanh ngân vang của tiếng cồng, chiêng đã thấm vào máu ông từ thuở ấu thơ đến giờ. Mặc dù đã 69 tuổi, đôi mắt đã mờ nhưng hễ ai nhắc đến cồng chiêng là ông vui vẻ, say sưa chuyện trò cả buổi. Trong nhà ông đang giữ 3 bộ chiêng quý.","The resounding sound of gongs has permeated his blood from childhood until now. Although he is 69 years old and his eyes are dim, whenever someone mentions gongs, he is happy and talks enthusiastically for the whole session. In his house, he is keeping 3 sets of precious gongs.",12018ea461c77031aaa3476752696370a72b5c16,train,pseudo_label,23.872
b3792a24f4f367e79a40cfee5e9aa72c2ed7ab5e,WQ0ni8Rmx6Q_6,train,https://huggingface.co/datasets/cuong06/Bahnar_Vietnamese/resolve/refs%2Fconvert%2Fparquet/default/train/0017.parquet,635,WQ0ni8Rmx6Q_6.flac,True,4.639999866485596,yt_49,yt_49,wq0ni8rmx6q,recording:wq0ni8rmx6q,record_id_prefix,medium,pơm apung prêng teh bunh bŏ wă tơrŭ adok tơdung đi đăng tênh kuang păng sơdâng,tạo môi trường thuận lợi để thu hút đầu tư và thúc đẩy phát triển toàn diện nhanh và bền vững.,create a favorable environment to attract investment and promote rapid and sustainable comprehensive development.,1b46dd04bc8b2616bf22641399ef14b655041fb7,train,pseudo_label,4.64
29f32660dc5be437b23c892bbc669ed7086b7d36,WsoZImR82Bw_5,train,https://huggingface.co/datasets/cuong06/Bahnar_Vietnamese/resolve/refs%2Fconvert%2Fparquet/default/train/0017.parquet,741,WsoZImR82Bw_5.flac,True,26.020000457763672,yt_49,yt_49,wsozimr82bw,recording:wsozimr82bw,record_id_prefix,medium,tơdrong hơbĕch hơbang pơkơ̆r bơtho thi iŏk lah pơar sơ huơ̆r gri hăng ah minh ưh kơ iŏk jên ăn kon plê adrĕch kon kông đĕch jơnơr arih tơnap tap 'bơ̆t tơring adaih yaih tơring adrăt sơlam mă gơloi bơngai ưh kơ băt pơđŏk ưh kơ băt chih nơ̆r juăn mă kŏng ang char tơlĕch 'noh tơdrong 'lơ̆ng rŏ đei lăp đon kơjung đơ̆ng kon plê đơ̆ng noh tơgop tơjôr kơđêh tơ tơ̆m băl rok trong nơnăm lơ̆m char,"Việc linh hoạt tổ chức đào tạo, sát hạch cấp giấy phép lái xe hạng A1 miễn phí cho đồng bào dân tộc thiểu số có hoàn cảnh khó khăn tại địa bàn vùng sâu vùng xa, vùng biên giới; nhất là đối tượng không biết đọc, viết tiếng Việt nên Công an tỉnh triển khai là việc làm ý nghĩa, nhận được sự đồng thuận, đánh giá cao từ Nhân dân; qua đó góp phần kiềm chế, kéo giảm tai nạn giao thông trên địa bàn tỉnh.","The flexible organization of free training and examination for A1-class driver's licenses for ethnic minority compatriots in difficult circumstances in remote, isolated, and border areas; especially for subjects who do not know how to read or write Vietnamese, which the Provincial Police is implementing, is a meaningful act, receiving consensus and high appreciation from the people; thereby contributing to controlling and reducing traffic accidents in the province.",edc342d6b47c9a10d034b16fb6834354a3b3e058,train,pseudo_label,26.016
ce9d906fd80d2314ac69b7c12b5a371c81d8009c,y-iLnSMzIG8_4,train,https://huggingface.co/datasets/cuong06/Bahnar_Vietnamese/resolve/refs%2Fconvert%2Fparquet/default/train/0045.parquet,1856,y-iLnSMzIG8_4.flac,True,13.25,yt_52,yt_52,y-ilnsmzig8,recording:y-ilnsmzig8,record_id_prefix,medium,tôi rất là tâm đắc với lại cái ý tưởng được nó thành hiện thực đấy thì nó lại inh keh lắp đon hơi trong phải trinh ăn đi tăng thô thơm mam thơm so đường thị sa ăn khê thời khuyên lui bắt,Tôi rất tâm đắc với ý tưởng xây dựng Công viên đá cũ của thị xã An Khê.,I am very enthusiastic about the idea of building an Old Stone Park in An Khe town.,d0486082fd17592ef5c4807ba60356b980fbf002,train,pseudo_label,13.248
0dcfefd6e75dc1c3a7ef38f374878f9ba29aca0d,Y6UfglBX65s_5,train,https://huggingface.co/datasets/cuong06/Bahnar_Vietnamese/resolve/refs%2Fconvert%2Fparquet/default/train/0017.parquet,1225,Y6UfglBX65s_5.flac,True,21.149999618530273,yt_55,yt_55,y6ufglbx65s,recording:y6ufglbx65s,record_id_prefix,medium,wă tăng kăn tơ trong để bus rim băng si để roi thư bus con phlê ưh luệ phui rim anăn bơmô này để bus chặt păng rim ani pơm chăng a thây tư tun lo tương măng roi thư bus tăng kăn bơm phương mã kơloi lương phương mi phương tình,"Để phòng tránh sự cố đáng tiếc xảy ra, các bác sĩ khuyến cáo người dân không nên hái nấm lạ để sử dụng, kể cả nấm mọc trong khuôn viên gia đình. Các cơ quan chức năng cần đẩy mạnh hơn nữa công tác tuyên truyền, phòng ngừa ngộ độc thực phẩm, nhất là trong mùa mưa, thời điểm nấm rừng phát triển mạnh.","To prevent unfortunate incidents from happening, doctors recommend that people should not pick strange mushrooms for use, including mushrooms growing on family premises. Functional agencies need to further promote propaganda work, preventing food poisoning, especially during the rainy season, the time when forest mushrooms develop strongly.",7aff7d45805d92ef04b8b8e6231287ff540ef76d,train,pseudo_label,21.152
8e8e1de9b81b89c0dd31bc00ff6a6f8003d16007,yaayYc8NPxw_13,train,https://huggingface.co/datasets/cuong06/Bahnar_Vietnamese/resolve/refs%2Fconvert%2Fparquet/default/train/0045.parquet,2241,yaayYc8NPxw_13.flac,True,10.050000190734863,yt_53,yt_53,yaayyc8npxw,recording:yaayyc8npxw,record_id_prefix,medium,păng trim kơ bay soang nâu kung lơ để kơ rau nó soang nhân lĕ loh neh nó tôi kuat hơn toy trơ tơ buh păng trim kơ bay cho sơ mah bơ̆r đơ̆ bơlê đồng giường,Điệu múa này được gọi là múa Khé. Đây là một điệu múa trong hát Nhà trò hay còn gọi là Ca trù ở làng Đông Dương.,"This dance is called Khe dance. This is a dance in Nha tro singing, also known as Ca tru in Dong Duong village.",4e044fdcaf9e7331adbd3a68e8dc2dfb56337f28,train,pseudo_label,10.048
bd19fe4e9d3b20508f2bb24109b392af462633a8,yb06zsTtvPs_18,train,https://huggingface.co/datasets/cuong06/Bahnar_Vietnamese/resolve/refs%2Fconvert%2Fparquet/default/train/0033.parquet,1712,yb06zsTtvPs_18.flac,True,3.259999990463257,yt_53,yt_53,yb06zsttvps,recording:yb06zsttvps,record_id_prefix,medium,sơ mã tăng mình bâu sĕntrĕnh sinh chit rơi tơ tơrông,"Nhưng từ khoảng năm 1990 trở về sau,","But from about 1990 onwards,",52721f355019fec37647033d10234bb13fd1912d,train,pseudo_label,3.264
e436ad79807db3ebfae8de32f8272ccf87eaff2d,yMHagzz1z7k_4,train,https://huggingface.co/datasets/cuong06/Bahnar_Vietnamese/resolve/refs%2Fconvert%2Fparquet/default/train/0033.parquet,1657,yMHagzz1z7k_4.flac,True,11.619999885559082,yt_45,yt_45,ymhagzz1z7k,recording:ymhagzz1z7k,record_id_prefix,medium,tơdrong cha thong năng tơ mir hơpŭl bơphu tu đe tơ nhăk lơm bar khei tâng pơtoi va kơ đe kon plê kơ va kui đơ̆ng rŏ kui kon kung tơ păng tôm tơdrong tơ̆ng sơki tu săng đi,"Du lịch trải nghiệm vùng bí xanh thơm sẽ kéo dài hết mùa thu hoạch bí hơn 2 tháng nữa. Song song với đó là các tour trải nghiệm ẩm thực, trải nghiệm sinh hoạt hàng ngày với đồng bào dân tộc thiểu số, hay khám phá các nét văn hóa truyền thống nơi đây.","Experiential tourism in the fragrant green squash region will last for the entire squash harvest season for more than 2 more months. Parallel to that are culinary experience tours, experiences of daily life with ethnic minority compatriots, or exploring the traditional cultural features here.",2deae013baf7fec0c4b71f7184716808b92272cf,train,pseudo_label,11.616
5cfd6970f42cc76e2ac0f13e789b364d65152583,yoFw11AOETc_8,train,https://huggingface.co/datasets/cuong06/Bahnar_Vietnamese/resolve/refs%2Fconvert%2Fparquet/default/train/0046.parquet,29,yoFw11AOETc_8.flac,True,26.59000015258789,yt_53,yt_53,yofw11aoetc,recording:yofw11aoetc,record_id_prefix,medium,ngau kung hlôi đây tơ jit kilômet trong năm tơ ơ pung tơ sah mơ̆t lâm pơlay pla hlôi đây pơm tơ plih sơlih nau hlôi đây trong tơlê uynh sơdrick hlôi đây ngam jit bar lâm ngam jit bar bơ̆r âu kung hlôi đây bơđe sah tơ ring gah gêng git cal kia cheng hagat guăt hơdoi rơi tơ buh băng pơm rim ga tơ no anih năm văn hóa băng tơ yung bê jing pơm kê kơ lâng jơhnơt anih văn hóa hlôi đây tơ plih sơlih nau băng kê kơ lâng liêm,"Hàng chục Kilomet đường liên huyện, liên xã, liên thôn được bê tông, nhựa hoá. Điện lưới quốc gia phủ kín đến 82/82 thôn, bản phục vụ cho 99% số hộ dân sử dụng. Nhiều trung tâm cụm xã, thị trấn, thị tứ được quy hoạch, nhà cửa xây dựng đàng hoàng hơn, to đẹp hơn. Nhiều công trình dân sinh như trường học, trạm y tế, nhà văn hoá được xây dựng khang trang. Đời sống văn hoá được cải thiện theo hướng lành mạnh văn minh.","Dozens of kilometers of inter-district, inter-commune, and inter-village roads have been concreted and asphalted. The national power grid covers 82/82 villages and hamlets, serving 99% of households. Many commune cluster centers, towns, and townships have been planned, houses built more decently and beautifully. Many civil works such as schools, health stations, and cultural houses have been built spaciously. Cultural life is improved in a healthy and civilized direction.",337db6d8afa365b4c5f12ad582fca881bca81213,train,pseudo_label,26.592
a37775e517c113a9da0b29118936dbe5e9c8def9,yrg5UNKtbOs_14,train,https://huggingface.co/datasets/cuong06/Bahnar_Vietnamese/resolve/refs%2Fconvert%2Fparquet/default/train/0022.parquet,732,yrg5UNKtbOs_14.flac,True,29.469999313354492,yt_52,yt_52,yrg5unktbos,recording:yrg5unktbos,record_id_prefix,medium,a bản thân tôi là cũng nghe được là ủy ban nhân dân tỉnh là chí đạo inh cùng kơ từng ủy ban nhân dân char phương kơ tăng gat yung tăng quang trim tơ nđã nih nâu và mươt yoa để câu inh cùng moi và ủy ban nhân dân char adrin phương tho yêu và tơ nđã nih nâu kẻ đang tăng quang hlo và con plê tô dân phố drâu nhôn để dễ đừng phương trong thân thời về dễ đừng tô dân phố cùng thời lệ đừng phương sư đừng loài,Vừa qua tôi cũng nghe được UBND tỉnh chỉ đạo quyết liệt về đẩy nhanh tiến độ dự án này để đưa vào sử dụng. Tôi mong muốn UBND tỉnh cố gắng chỉ đạo để công trình này hoàn thành nhanh nhất có thể để cho bà con Tổ dân phố 6 của chúng tôi có những cơ sở thì làm ăn mới đi lên được. Và công tác an ninh của tổ dân phố như của phường được đảm bảo hơn.,"Recently, I also heard that the Provincial People's Committee directed decisively on speeding up the progress of this project to put it into use. I hope the Provincial People's Committee tries to direct so that this work is completed as quickly as possible so that the people of our Residential Group 6 have facilities to do business and improve. And the security work of the residential group as well as the ward is better ensured.",9f467732a9ea30e15e42c228bb9af39fd4c62fbe,train,pseudo_label,29.472
0a84fa436627f29c5fee0fa539aa0541449ea2d3,ytuG7bPvuQU_5,train,https://huggingface.co/datasets/cuong06/Bahnar_Vietnamese/resolve/refs%2Fconvert%2Fparquet/default/train/0046.parquet,60,ytuG7bPvuQU_5.flac,True,17.540000915527344,yt_-1,yt_-1,ytug7bpvuqu,recording:ytug7bpvuqu,record_id_prefix,medium,lay bài tăng là thuộc là xã bước thuộng cấp ủy chính quyền và ban chỉ đạo phòng chống giao dịch cô bít 19 xã bước thuộng chọn cấp uy chính quyền bằng khu lập gươr tăng gần giữ cô biết bật để phương thuận bật au tôi yêu bên chiêng gà trên trước lần sơ đừng bài trên,"Cấp ủy, chính quyền và Ban chỉ đạo phòng, chống Covid-19 xã Phước Thuận chọn xây dựng vùng xanh an toàn cho địa phương.","The Party Committee, authorities, and the Steering Committee for Covid-19 prevention and control of Phuoc Thuan commune chose to build a safe green zone for the locality.",b0f58f8ccb7bca612fd55d20ffee23ac78d198a0,train,pseudo_label,17.536
3f021f8b9f1e9a69699ab0bd01d4c0eaa6f04557,yWQzR0C5dVE_17,train,https://huggingface.co/datasets/cuong06/Bahnar_Vietnamese/resolve/refs%2Fconvert%2Fparquet/default/train/0022.parquet,623,yWQzR0C5dVE_17.flac,True,20.479999542236328,yt_49,yt_49,ywqzr0c5dve,recording:ywqzr0c5dve,record_id_prefix,medium,yên tơ yung pơching rin tơdrŏng chang tơ hơđa khlôi pơm 'long kơ chră tơ gŭm ăn kon plê bơ̆ tơ ring ataih yaih năm char đă klăk atok kênh tê chut tư nuh sơđơ̆ng nâu kôm kơ nau đơ̆ng nghiĕ kuit đach hôi đang 'bô char đă klăk măng nhgăl bar bô bar yit bar bô bơ̆ chơđăm minh sơnăm tơ chur đơ̆ng pêng truh phonh klăk krêng kơ sô unh hnam tơ nuh tơ ring kon kông,"Việc đầu tư các dự án, mô hình sinh kế đã tạo động lực giúp người dân vùng sâu, vùng xa tỉnh Đắk Lắk phát triển kinh tế, vươn lên thoát nghèo bền vững. Đây cũng là mục tiêu của Nghị quyết Đại hội Đảng bộ tỉnh Đắk Lắk nhiệm kỳ 2020-2025, mỗi năm giảm từ 3 đến 4% tỷ lệ hộ nghèo vùng đồng bào dân tộc thiểu số.","Investing in projects and livelihood models has created motivation to help people in deep-lying and remote areas of Dak Lak province develop the economy and rise to escape poverty sustainably. This is also the goal of the Resolution of the Dak Lak Provincial Party Congress for the 2020-2025 term, reducing the poverty rate of ethnic minority households by 3 to 4% each year.",f8c7e7b75157f325f95967b69dc6364c393b3d1b,train,pseudo_label,20.48
1dc7fddbbe2e02a8a4854a4f188d764b3d74b3ef,Z1gBHTiPtZY_5,train,https://huggingface.co/datasets/cuong06/Bahnar_Vietnamese/resolve/refs%2Fconvert%2Fparquet/default/train/0040.parquet,2080,Z1gBHTiPtZY_5.flac,True,9.600000381469728,yt_52,yt_52,z1gbhtiptzy,recording:z1gbhtiptzy,record_id_prefix,medium,hương trước nhau hre âu bơ̆t khô phương cu để minh hreng phon chia hngam ôi hnam được trước tăm răng hơlâu sơ̆ pơm chang kênh tê ruột yăk kha chung,Hiện nay trên địa bàn thành phố Pleiku có 148 hộ gia đình cựu thanh niên xung phong làm kinh tế đạt hiệu quả cao.,"Currently, in the area of Pleiku city, there are 148 households of former youth volunteers doing business with high efficiency.",ec192afea20308b4472ae53841420f39fb0e1c8d,train,pseudo_label,9.6
8f311cfca57d6de4c158d6ee33761374d93f5f0c,z7cZeJVz9a0_6,train,https://huggingface.co/datasets/cuong06/Bahnar_Vietnamese/resolve/refs%2Fconvert%2Fparquet/default/train/0049.parquet,2269,z7cZeJVz9a0_6.flac,True,25.280000686645508,yt_33,yt_33,z7czejvz9a0,recording:z7czejvz9a0,record_id_prefix,medium,đầu tiên thì được sự vay huốn quả ma cơ gâl inh duh đây cha mương dâng khuyên bơđuê so ba di trư tuh lạch gên unh nam inh dâng ba di trư tuh lạch gên để cha to tơ bread dang ay du sang để cha jub lâm trường ari kênh na dang ay inh duh đây cha lê-lê trong bơ dang nao cha minh than cha minh tơm păng duh va cha bơdai hay địch ăn cơ dôm cơ dôm unh nam va kơ moi bơ dang,"Đầu tiên được sự vay vốn của Hội cựu chiến binh 20.000.000 đồng, với gia đình từ 20.000.000 đồng đó là phát triển kinh tế, đến bây giờ nói chung ổn định rồi, nên bây giờ tôi cũng chuyển giao kỹ thuật, chiết cấy nhân giống ra cho những gia đình có nhu cầu, tôi chuyển giao kỹ thuật, khi nào bán được giống và có thu hoạch mới lấy tiền.","At first, with the loan from the Veterans Association of 20,000,000 VND, for the family, that 20,000,000 VND was to develop the economy, until now it is generally stable, so now I also transfer techniques, grafting and propagating for families in need, I transfer techniques, and only take money when they can sell the seedlings and have a harvest.",d2bf7950e0b57a85c28b671e1551da783b46faae,train,pseudo_label,25.28
1c767060b427b196d282b5f9e3029be954491b29,ZHDk7jHSg6w_27,train,https://huggingface.co/datasets/cuong06/Bahnar_Vietnamese/resolve/refs%2Fconvert%2Fparquet/default/train/0041.parquet,28,ZHDk7jHSg6w_27.flac,True,21.600000381469727,yt_53,yt_53,zhdk7jhsg6w,recording:zhdk7jhsg6w,record_id_prefix,medium,la bơar bơ kă nó cũng lôi đây ke git căl ga đảng đảng lôi đây kê chất cán bộ đảng viên a thây bằng ngày bơgger nó cũng lôi đây ke git căl cùng thời lê về lăng còn vali a thây pơm cheng tơ bạ tơ bắt,"Trước hết nói về Đảng. Nhờ đoàn kết chặt chẽ một lòng một chí phục vụ giai cấp, phục vụ nhân dân, phục vụ Tổ quốc, cho nên từ ngày thành lập đến nay, Đảng ta đã đoàn kết, tổ chức và lãnh đạo nhân dân ta hằng hối đấu tranh tiến từ thắng lợi đến thắng lợi khác. Đảng xác định mỗi cán bộ, Đảng viên phải cần, kiệm, liêm, chính, chí công vô tư, phải không có lòng tham muốn vật chất.","First of all speaking about the Party. Thanks to close solidarity with one heart and one mind serving the class, serving the people, serving the Fatherland, so from the day of establishment until now, our Party has united, organized, and led our people to struggle from victory to victory. The Party determines that each cadre, Party member must be industrious, thrifty, honest, righteous, public-spirited, and selfless, must not have greed for material things.",e9ca5be4e3b5d1b1b98550fec982c631691b9260,train,pseudo_label,21.6
644ab1ef2540090b70bdc7802a2a3849670ecd96,zO4WvVK_xZQ_15,train,https://huggingface.co/datasets/cuong06/Bahnar_Vietnamese/resolve/refs%2Fconvert%2Fparquet/default/train/0046.parquet,314,zO4WvVK_xZQ_15.flac,True,20.100000381469727,yt_53,yt_53,zo4wvvk_xzq,recording:zo4wvvk_xzq,record_id_prefix,medium,păng rim kơ tơmam sa buh toi âu lê kư̆m lui đây tơ gŭm ăn kơ uinh nam bơm bơl hơdoi păng jrâu hơdoi tơmam để kơ dih tơ guăt hơdoi bơđơ̆ jơnơ̆r ari kê kơ lương liêm păng tŭk lê̆ rim kơ tơdrong lăp linh nâu kư̆m lui đây wă pơnhen lăng lui đây chinh minh kơ tơdrong blok sơdrơ ưh kơ gơh yơ̆t đơ̆ng tơmoi,"Còn gì tuyệt vời hơn khi sau những giờ vui đùa, được thưởng thức bữa tiệc nướng ngon lành cùng gia đình, bạn bè giữa khung cảnh thiên nhiên. Dường như mọi lo lắng của cuộc sống thường nhật đều được bỏ lại phía sau. Và chắc chắn, những trải nghiệm ở đây sẽ trở thành những kỷ niệm khó quên với nhiều du khách.","What could be better than after hours of fun, enjoying a delicious barbecue party with family and friends amidst the natural scenery. It seems that all the worries of daily life are left behind. And surely, the experiences here will become unforgettable memories for many tourists.",5b827fbb77b3091b6ed15247a2ea3c9de2339a70,train,pseudo_label,20.096
